airport,fir
AGGA,     
AGGB,AGGG 
AGGE,AGGG 
AGGH,AGGG 
AGGM,
AGGN,
AGGS,AGGG 
ANYN,ANAU 
AYBK,     
AYCH,
AYDU,
AYGA,
AYGB,AYPM 
AYGN,AYPM 
AYGR,
AYHK,
AYKI,
AYKM,
AYKV,
AYKY,AYPM 
AYMD,AYPM 
AYMH,AYPM 
AYMN,
AYMO,
AYMR,
AYMS,
AYNZ,AYPM 
AYPY,AYPM 
AYTA,
AYTB,
AYTK,
AYVN,
AYWD,
AYWK,AYPM 
BGAA,BGGL 
BGBW,BGGL 
BGCO,BGGL 
BGGH,BGGL 
BGJN,BGGL 
BGKK,BGGL 
BGMQ,
BGPT,
BGQQ,
BGSF,BGGL 
BGSS,BGGL 
BGTL,BGGL 
BGUK,
BGUQ,BGGL 
BIAR,BIRD 
BIBD,
BIDV,
BIEG,BIRD 
BIGJ,
BIGR,BIRD 
BIHK,
BIHN,BIRD 
BIHU,
BIIS,
BIKF,BIRD 
BIKP,
BIKR,BIRD 
BINF,
BIRF,
BIRG,
BIRK,BIRD 
BIRL,
BIST,
BITE,
BITN,
BIVM,
BIVO,
BKPR,LYBA 
CAL4,CZEG 
CCE4,CZQX 
CCH4,CZQX 
CCZ2,CZQX 
CHB3,CZEG 
CPV8,CZWG 
CYAB,
CYAC,
CYAD,
CYAG,CZWG 
CYAH,CZQM 
CYAL,CZVR 
CYAM,CZYZ 
CYAQ,
CYAS,
CYAT,
CYAW,CZQM 
CYAY,CZQX 
CYAZ,CZVR 
CYBB,
CYBC,CZUL 
CYBD,
CYBE,CZEG 
CYBF,
CYBG,CZUL 
CYBK,CZEG 
CYBL,CZVR 
CYBQ,
CYBR,CZWG 
CYBT,
CYBV,
CYBW,CZEG 
CYBX,
CYCA,
CYCB,CZEG 
CYCC,
CYCD,CZVR 
CYCE,CZYZ 
CYCG,CZVR 
CYCH,CZQM 
CYCK,
CYCL,
CYCN,
CYCO,CZEG 
CYCQ,
CYCR,
CYCS,
CYCT,
CYCW,CZVR 
CYCY,
CYCZ,
CYDA,
CYDB,
CYDC,CZVR 
CYDF,CZQX 
CYDL,CZEG 
CYDM,
CYDN,CZWG 
CYDO,
CYDP,
CYDQ,CZEG 
CYEE,CZYZ 
CYEG,CZEG 
CYEK,
CYEL,
CYEM,
CYEN,CZWG 
CYER,
CYET,
CYEU,CZEG 
CYEV,CZEG 
CYEY,
CYFA,
CYFB,CZUL 
CYFC,CZQM 
CYFD,CZYZ 
CYFE,
CYFH,
CYFI,     
CYFJ,
CYFO,CZWG 
CYFR,
CYFS,CZEG 
CYFT,
CYGB,
CYGD,CZYZ 
CYGH,
CYGK,CZYZ 
CYGL,CZUL 
CYGM,CZWG 
CYGO,
CYGP,CZUL 
CYGQ,CZWG 
CYGR,CZQM 
CYGT,
CYGV,CZUL 
CYGW,CZUL 
CYGX,CZWG 
CYGZ,
CYHA,
CYHB,CZWG 
CYHD,CZWG 
CYHF,
CYHH,
CYHI,
CYHK,
CYHM,CZYZ 
CYHN,
CYHO,
CYHR,
CYHT,
CYHU,CZUL 
CYHY,CZEG 
CYHZ,CZQM 
CYIB,CZWG 
CYID,
CYIF,
CYIK,
CYIO,
CYIV,
CYJF,
CYJN,CZUL 
CYJT,CZQX 
CYKA,CZVR 
CYKC,
CYKD,
CYKF,CZYZ 
CYKG,
CYKJ,
CYKL,CZUL 
CYKM,
CYKO,
CYKP,
CYKQ,
CYKX,
CYKY,
CYKZ,CZYZ 
CYLA,
CYLB,
CYLC,
CYLD,CZYZ 
CYLH,
CYLJ,
CYLK,
CYLL,CZEG 
CYLP,CZUL 
CYLQ,CZUL 
CYLR,
CYLS,
CYLT,CZEG 
CYLU,
CYLW,CZVR 
CYMA,
CYME,CZUL 
CYMG,
CYMH,
CYMJ,CZWG 
CYML,
CYMM,CZEG 
CYMO,CZYZ 
CYMT,CZUL 
CYMU,
CYMW,
CYMX,CZUL 
CYNA,CZUL 
CYNC,
CYND,CZUL 
CYNE,CZWG 
CYNH,
CYNJ,
CYNL,
CYNM,CZUL 
CYNR,
CYOA,
CYOC,
CYOD,CZEG 
CYOH,
CYOJ,CZEG 
CYOO,CZYZ 
CYOP,
CYOS,
CYOW,CZUL 
CYPA,CZWG 
CYPC,
CYPD,CZQM 
CYPE,CZEG 
CYPG,CZWG 
CYPH,
CYPL,CZWG 
CYPM,
CYPN,CZUL 
CYPO,
CYPQ,CZYZ 
CYPR,CZVR 
CYPS,CZVR 
CYPS,CZVR 
CYPT,
CYPW,
CYPX,
CYPY,CZEG 
CYPZ,
CYQA,CZYZ 
CYQB,CZUL 
CYQD,CZWG 
CYQF,CZEG 
CYQG,CZYZ 
CYQH,CZEG 
CYQI,CZQM 
CYQK,CZWG 
CYQL,CZEG 
CYQM,CZQM 
CYQN,
CYQQ,CZVR 
CYQR,CZWG 
CYQS,CZYZ 
CYQT,CZWG 
CYQU,CZEG 
CYQV,CZWG 
CYQW,CZWG 
CYQX,CZQX 
CYQY,CZQM 
CYQZ,CZVR 
CYRB,CZEG 
CYRI,CZUL 
CYRJ,CZUL 
CYRL,
CYRM,CZEG 
CYRO,CZUL 
CYRQ,CZUL 
CYRS,
CYRT,CZEG 
CYRV,
CYSB,CZYZ 
CYSC,CZUL 
CYSF,
CYSH,CZUL 
CYSJ,CZQM 
CYSK,
CYSL,
CYSM,CZEG 
CYSN,CZYZ 
CYSP,
CYST,
CYSU,CZQM 
CYSY,CZEG 
CYTA,CZYZ 
CYTE,CZEG 
CYTF,CZUL 
CYTH,CZWG 
CYTJ,CZWG 
CYTL,
CYTQ,
CYTR,CZYZ 
CYTS,CZYZ 
CYTZ,CZYZ 
CYUB,CZEG 
CYUJ,CZEG 
CYUL,CZUL 
CYUT,
CYUX,CZEG 
CYUY,CZUL 
CYVB,CZUL 
CYVC,CZWG 
CYVG,
CYVK,
CYVL,
CYVM,CZEG 
CYVO,CZUL 
CYVP,CZUL 
CYVQ,CZEG 
CYVR,CZVR 
CYVT,CZEG 
CYVV,CZYZ 
CYVZ,
CYWE,
CYWG,CZWG 
CYWJ,
CYWK,CZUL 
CYWL,CZVR 
CYWP,
CYWY,
CYXC,CZVR 
CYXD,CZEG 
CYXE,CZWG 
CYXH,CZEG 
CYXJ,CZEG 
CYXK,CZUL 
CYXL,CZWG 
CYXN,
CYXP,
CYXQ,
CYXR,CZYZ 
CYXS,CZVR 
CYXT,CZVR 
CYXU,CZYZ 
CYXX,CZVR 
CYXY,CZEG 
CYXZ,CZYZ 
CYYB,CZYZ 
CYYC,CZEG 
CYYD,CZVR 
CYYE,CZEG 
CYYF,CZVR 
CYYG,CZQM 
CYYH,
CYYJ,CZVR 
CYYL,CZWG 
CYYN,CZWG 
CYYQ,CZWG 
CYYR,CZQX 
CYYT,CZQX 
CYYU,CZYZ 
CYYW,CZWG 
CYYY,CZUL 
CYYZ,CZYZ 
CYZE,CZYZ 
CYZF,CZEG 
CYZG,
CYZH,CZEG 
CYZP,CZVR 
CYZR,CZYZ 
CYZS,CZEG 
CYZT,CZVR 
CYZU,CZEG 
CYZV,CZUL 
CYZW,
CYZX,CZQM 
CZAC,
CZAM,
CZBA,CZYZ 
CZBB,
CZBD,
CZBF,CZQM 
CZBM,
CZEE,
CZEM,
CZFA,
CZFD,
CZFG,
CZFM,
CZFN,
CZGF,CZVR 
CZGI,
CZGR,
CZHP,
CZJG,
CZJN,
CZKE,
CZLQ,
CZMD,
CZML,
CZMN,
CZMT,CZVR 
CZNG,
CZPB,
CZPC,CZEG 
CZPO,
CZRJ,
CZSJ,
CZSN,
CZST,
CZTA,
CZTM,
CZUC,
CZUM,CZQX 
CZWH,
CZWL,
DAAD,DAAA 
DAAE,DAAA 
DAAG,DAAA 
DAAJ,DAAA 
DAAK,
DAAP,DAAA 
DAAS,DAAA 
DAAT,DAAA 
DAAV,DAAA 
DABB,DAAA 
DABC,DAAA 
DABS,DAAA 
DABT,DAAA 
DAOB,DAAA 
DAOC,DAAA 
DAOF,DAAA 
DAOI,DAAA 
DAOL,DAAA 
DAON,DAAA 
DAOO,DAAA 
DAOR,DAAA 
DAOR,DAAA 
DAOV,DAAA 
DAOY,DAAA 
DATG,DAAA 
DATM,DAAA 
DAUA,DAAA 
DAUB,DAAA 
DAUE,DAAA 
DAUG,DAAA 
DAUH,DAAA 
DAUI,DAAA 
DAUK,DAAA 
DAUL,DAAA 
DAUO,DAAA 
DAUT,DAAA 
DAUU,DAAA 
DAUZ,DAAA 
DBBB,DGAC 
DBBK,
DBBP,
DFEE,
DFEF,
DFFD,DRRR 
DFOO,DRRR 
DGAA,DGAC 
DGLE,DGAC 
DGLW,DGAC 
DGSI,DGAC 
DGSN,DGAC 
DGTK,DGAC 
DIAP,GOOO 
DIBI,GOOO 
DIBK,GOOO 
DIDL,GOOO 
DIKO,GOOO 
DIMN,GOOO 
DIOD,GOOO 
DISP,GOOO 
DISS,
DITB,GOOO 
DIYO,GOOO 
DNAA,DNKK 
DNAI,DNKK 
DNAK,DNKK 
DNBC,
DNBE,DNKK 
DNBK,DNKK 
DNCA,DNKK 
DNDS,DNKK 
DNEN,DNKK 
DNFB,DNKK 
DNGO,DNKK 
DNGU,
DNIB,DNKK 
DNIL,DNKK 
DNIM,DNKK 
DNJO,DNKK 
DNKA,DNKK 
DNKN,DNKK 
DNKT,DNKK 
DNMA,DNKK 
DNMK,
DNMM,DNKK 
DNMN,DNKK 
DNPM,
DNPO,DNKK 
DNSO,DNKK 
DNSU,DNKK 
DNYO,DNKK 
DNZA,DNKK 
DRRM,DRRR 
DRRN,DRRR 
DRRT,DRRR 
DRZA,DRRR 
DRZR,DRRR 
DTKA,DTTC 
DTMB,DTTC 
DTNH,DTTC 
DTTA,DTTC 
DTTF,DTTC 
DTTG,DTTC 
DTTJ,DTTC 
DTTR,DTTC 
DTTX,DTTC 
DTTZ,DTTC 
DXNG,DGAC 
DXXX,DGAC 
EBAW,EBBU 
EBBE,EBBU 
EBBL,EBBU 
EBBR,EBBU 
EBCI,EBBU 
EBFN,EBBU 
EBFS,EBBU 
EBKT,EBBU 
EBLG,EBBU 
EBMB,EBBU 
EBOS,EBBU 
EBZR,
EDAB,EDMM 
EDAC,EDMM 
EDAH,EDWW 
EDAU,
EDAX,
EDAY,
EDAZ,EDWW 
EDBC,EDWW 
EDBH,
EDBM,EDWW 
EDBN,
EDCA,
EDCD,EDWW 
EDCP,
EDDB,EDWW 
EDDB,EDWW 
EDDB,EDWW 
EDDC,EDMM 
EDDE,EDMM 
EDDF,EDGG 
EDDG,EDGG 
EDDH,EDWW 
EDDK,EDGG 
EDDL,EDGG 
EDDM,EDMM 
EDDN,EDMM 
EDDP,EDMM 
EDDR,EDGG 
EDDS,EDGG 
EDDT,EDWW 
EDDV,EDWW 
EDDW,EDWW 
EDFE,EDGG 
EDFH,EDGG 
EDFM,EDGG 
EDGE,EDGG 
EDGS,EDGG 
EDHI,EDWW 
EDHK,EDWW 
EDHL,EDWW 
EDHN,EDWW 
EDJA,EDMM 
EDKA,
EDKB,EDGG 
EDLD,
EDLE,EDGG 
EDLI,EDGG 
EDLM,
EDLN,EDGG 
EDLP,EDGG 
EDLV,EDGG 
EDLW,EDGG 
EDMA,EDMM 
EDMO,EDMM 
EDMS,EDMM 
EDNY,EDMM 
EDOP,EDWW 
EDQC,EDMM 
EDQD,EDMM 
EDQE,
EDQG,EDGG 
EDQM,EDMM 
EDRB,
EDRJ,EDFF 
EDRK,EDGG 
EDRP,EDFF 
EDRY,EDGG 
EDRZ,EDGG 
EDSB,EDGG 
EDTB,EDGG 
EDTG,EDGG 
EDTL,EDGG 
EDTM,EDGG 
EDTR,
EDTY,EDGG 
EDVE,EDWW 
EDVK,EDWW 
EDVM,
EDWB,EDWW 
EDWE,EDWW 
EDWG,EDWW 
EDWI,EDWW 
EDWJ,EDWW 
EDWL,EDWW 
EDWR,EDWW 
EDWS,EDWW 
EDWY,EDWW 
EDWZ,
EDXB,EDWW 
EDXF,EDWW 
EDXH,EDWW 
EDXJ,
EDXO,EDWW 
EDXW,EDWW 
EDXY,EDWW 
EEEI,EETT 
EEKA,EETT 
EEKE,EETT 
EEPU,EETT 
EETN,EETT 
EETU,EETT 
EFET,EFIN 
EFFO,
EFHA,EFIN 
EFHF,EFIN 
EFHK,EFIN 
EFHV,EFIN 
EFIT,EFIN 
EFIV,EFIN 
EFJO,EFIN 
EFJY,EFIN 
EFKA,EFIN 
EFKE,EFIN 
EFKI,EFIN 
EFKJ,EFIN 
EFKK,EFIN 
EFKS,EFIN 
EFKT,EFIN 
EFKU,EFIN 
EFLA,
EFLP,EFIN 
EFMA,EFIN 
EFMI,EFIN 
EFOU,EFIN 
EFPO,EFIN 
EFRO,EFIN 
EFSA,EFIN 
EFSI,EFIN 
EFSO,EFIN 
EFTP,EFIN 
EFTU,EFIN 
EFUT,EFIN 
EFVA,EFIN 
EFVR,EFIN 
EFVR,EFIN 
EGAA,EGPX 
EGAB,EGPX 
EGAC,EGPX 
EGAE,EGPX 
EGBB,EGTT 
EGBE,EGTT 
EGBJ,EGTT 
EGBK,EGTT 
EGBN,EGTT 
EGBO,EGTT 
EGBP,EGTT 
EGCC,EGTT 
EGCD,EGTT 
EGCN,EGTT 
EGDJ,EGTT 
EGDL,EGTT 
EGDM,EGTT 
EGDX,EGTT 
EGDY,EGTT 
EGEC,EGPX 
EGED,EGPX 
EGEF,EGTT 
EGEL,
EGEN,EGPX 
EGEO,
EGEP,EGPX 
EGER,EGTT 
EGES,EGTT 
EGET,
EGEW,EGTT 
EGEY,
EGFE,EGTT 
EGFF,EGTT 
EGFH,EGTT 
EGFP,EGTT 
EGGD,EGTT 
EGGP,EGTT 
EGGW,EGTT 
EGHC,EGTT 
EGHD,EGTT 
EGHE,EGTT 
EGHG,EGTT 
EGHH,EGTT 
EGHI,EGTT 
EGHJ,EGTT 
EGHL,EGTT 
EGHQ,EGTT 
EGHR,
EGJA,LFRR 
EGJB,EGTT 
EGJJ,EGTT 
EGKA,EGTT 
EGKB,EGTT 
EGKK,EGTT 
EGKR,EGTT 
EGLC,EGTT 
EGLD,EGTT 
EGLF,EGTT 
EGLJ,EGTT 
EGLK,EGTT 
EGLL,EGTT 
EGMC,EGTT 
EGMD,EGTT 
EGMH,EGTT 
EGNC,EGTT 
EGNE,EGTT 
EGNH,EGTT 
EGNJ,EGTT 
EGNL,EGTT 
EGNM,EGTT 
EGNO,EGTT 
EGNR,EGTT 
EGNS,EGTT 
EGNT,EGPX 
EGNV,EGTT 
EGNX,EGTT 
EGOS,EGTT 
EGOV,EGTT 
EGOW,EGTT 
EGPA,EGPX 
EGPB,EGPX 
EGPC,EGPX 
EGPD,EGPX 
EGPE,EGPX 
EGPF,EGPX 
EGPG,EGPX 
EGPH,EGPX 
EGPI,EGPX 
EGPK,EGPX 
EGPL,EGPX 
EGPM,EGPX 
EGPN,EGPX 
EGPO,EGPX 
EGPR,EGPX 
EGPT,EGPX 
EGPU,EGPX 
EGPW,EGPX 
EGQK,EGPX 
EGQL,EGPX 
EGQS,EGPX 
EGSC,EGTT 
EGSH,EGTT 
EGSM,EGTT 
EGSS,EGTT 
EGSU,
EGSY,EGTT 
EGSY,EGTT 
EGTC,EGTT 
EGTE,EGTT 
EGTG,EGTT 
EGTK,EGTT 
EGTO,EGTT 
EGUB,EGTT 
EGUL,EGTT 
EGUN,EGTT 
EGUW,EGTT 
EGUY,EGTT 
EGVA,EGTT 
EGVN,EGTT 
EGVO,EGTT 
EGVP,EGTT 
EGWU,EGTT 
EGXC,EGTT 
EGXD,EGTT 
EGXE,EGTT 
EGXG,EGTT 
EGXH,     
EGXJ,EGTT 
EGXP,EGTT 
EGXT,EGTT 
EGXU,EGTT 
EGXW,EGTT 
EGXZ,EGTT 
EGYC,EGTT 
EGYE,EGTT 
EGYM,EGTT 
EGYP,SAVF 
EHAL,EHAA 
EHAM,EHAA 
EHBD,EHAA 
EHBK,EHAA 
EHDL,EHAA 
EHEH,EHAA 
EHGG,EHAA 
EHGR,EHAA 
EHKD,EHAA 
EHLE,     
EHLW,EHAA 
EHRD,EHAA 
EHSB,EHAA 
EHTE,EHAA 
EHTW,EHAA 
EHVK,EHAA 
EHWO,EHAA 
EIBN,
EICA,
EICK,EISN 
EICM,EISN 
EICM,EISN 
EIDL,EISN 
EIDW,EISN 
EIIM,EISN 
EIIR,EISN 
EIKN,EISN 
EIKY,EISN 
EIME,EISN 
EIMN,EISN 
EINN,EISN 
EISG,EISN 
EIWF,EISN 
EIWT,EISN 
EKAH,EKDK 
EKBI,EKDK 
EKCH,EKDK 
EKEB,EKDK 
EKHG,EKDK 
EKKA,EKDK 
EKLS,
EKMB,EKDK 
EKOD,EKDK 
EKRK,EKDK 
EKRN,EKDK 
EKSB,EKDK 
EKSN,EKDK 
EKSP,EKDK 
EKSV,
EKTS,EKDK 
EKVG,EKDK 
EKVJ,EKDK 
EKYT,EKDK 
ELLX,EBBU 
ENAL,ENOR 
ENAN,ENOR 
ENAT,ENOR 
ENBL,ENOR 
ENBN,ENOR 
ENBO,ENOR 
ENBR,ENOR 
ENBS,ENOR 
ENBV,ENOR 
ENCN,ENOR 
ENDI,ENOR 
ENDU,ENOR 
ENEG,ENOR 
ENEV,ENOR 
ENFG,ENOR 
ENFL,ENOR 
ENGK,ENOR 
ENGM,ENOR 
ENHD,ENOR 
ENHF,ENOR 
ENHK,ENOR 
ENHV,ENOR 
ENKB,ENOR 
ENKR,ENOR 
ENLI,ENOR 
ENLK,ENOR 
ENMH,ENOR 
ENML,ENOR 
ENMS,ENOR 
ENNA,ENOR 
ENNK,ENOR 
ENNM,ENOR 
ENNO,ENOR 
ENOL,ENOR 
ENOV,ENOR 
ENRA,ENOR 
ENRM,ENOR 
ENRO,ENOR 
ENRS,ENOR 
ENRY,ENOR 
ENSA,ENOB 
ENSB,ENOB 
ENSD,ENOR 
ENSG,ENOR 
ENSH,ENOR 
ENSK,ENOR 
ENSN,ENOR 
ENSO,ENOR 
ENSR,ENOR 
ENSS,ENOR 
ENST,ENOR 
ENTC,ENOR 
ENTO,ENOR 
ENVA,ENOR 
ENVD,ENOR 
ENZV,ENOR 
EPBY,EPWW 
EPCE,EPWW 
EPDE,EPWW 
EPGD,EPWW 
EPKA,
EPKK,EPWW 
EPKS,EPWW 
EPKT,EPWW 
EPLB,EPWW 
EPLK,EPWW 
EPLL,EPWW 
EPMB,EPWW 
EPMI,EPWW 
EPMO,EPWW 
EPOD,
EPOK,EPWW 
EPPO,EPWW 
EPPW,EPWW 
EPRA,EPWW 
EPRZ,EPWW 
EPSC,EPWW 
EPSN,EPWW 
EPSY,EPWW 
EPWA,EPWW 
EPWK,
EPWR,EPWW 
EPZG,EPWW 
ESCF,ESAA 
ESDF,ESAA 
ESGG,ESAA 
ESGJ,ESAA 
ESGK,ESAA 
ESGL,ESAA 
ESGP,ESAA 
ESGR,ESAA 
ESGT,ESAA 
ESIB,ESAA 
ESKK,ESAA 
ESKM,ESAA 
ESKN,ESAA 
ESKS,ESAA 
ESKV,ESAA 
ESMK,ESAA 
ESML,
ESMO,ESAA 
ESMQ,ESAA 
ESMS,ESAA 
ESMT,ESAA 
ESMX,ESAA 
ESND,ESAA 
ESNG,ESAA 
ESNH,ESAA 
ESNK,ESAA 
ESNL,ESAA 
ESNN,ESAA 
ESNO,ESAA 
ESNQ,ESAA 
ESNS,ESAA 
ESNU,ESAA 
ESNV,ESAA 
ESNX,ESAA 
ESNY,
ESNZ,ESAA 
ESOE,ESAA 
ESOH,ESAA 
ESOK,ESAA 
ESOW,ESAA 
ESPA,ESAA 
ESPE,ESAA 
ESSA,ESAA 
ESSB,ESAA 
ESSD,ESAA 
ESSF,ESAA 
ESSG,ESAA 
ESSK,ESAA 
ESSL,ESAA 
ESSP,ESAA 
ESST,ESAA 
ESSU,ESAA 
ESSV,ESAA 
ESSW,ESAA 
ESTA,ESAA 
ESTL,ESAA 
ESUD,ESAA 
ESUP,ESAA 
ESUT,ESAA 
ETAD,EDGG 
ETAR,EDGG 
ETHB,EDWW 
ETHC,
ETHF,EDGG 
ETIE,EDFF 
ETIK,
ETIN,EDGG 
ETMN,EDVV 
ETND,EDWW 
ETNG,EDGG 
ETNH,EDDW 
ETNL,EDWW 
ETNN,EDGG 
ETNS,EDWW 
ETNT,EDWW 
ETNU,EDWW 
ETOU,EDGG 
ETSE,EDMM 
ETSF,EDMM 
ETSH,EDWW 
ETSI,EDMM 
ETSN,EDMM 
ETUO,EDGG 
ETUR,EDGG 
EVLA,EVRR 
EVRA,EVRR 
EVVA,
EYKA,EYVL 
EYPA,EYVL 
EYSA,EYVL 
EYVI,EYVL 
FAAB,FAJA 
FAAG,FAJA 
FABE,FACA 
FABL,FAJA 
FABM,FAJA 
FACT,FACA 
FAEL,FACA 
FAEM,
FAFB,FAJA 
FAFO,FACA 
FAGC,FAJA 
FAGG,FACA 
FAGM,FAJA 
FAGY,FAJA 
FAHL,
FAHR,
FAHS,FAJA 
FAKD,FAJA 
FAKM,FAJA 
FAKN,FAJA 
FAKU,FAJA 
FAKZ,FAJA 
FALA,FAJA 
FALC,FAJA 
FALE,FAJA 
FALO,FAJA 
FALW,FACA 
FALY,FAJA 
FAMD,
FAMG,FAJA 
FAMM,FAJA 
FAMN,
FAMO,FACA 
FAMS,FAJA 
FAMU,FAJA 
FANC,FAJA 
FANL,FAJO 
FANS,FAJA 
FAOB,FACA 
FAOH,FACA 
FAOR,FAJA 
FAPE,FACA 
FAPG,FACA 
FAPH,FAJA 
FAPI,FAJA 
FAPM,FAJA 
FAPN,FAJA 
FAPP,FAJA 
FAPS,
FAQT,FACA 
FARB,FAJA 
FARS,
FASB,FAJA 
FASC,
FASS,FAJA 
FASZ,FAJA 
FATH,FAJS 
FATL,FAJO 
FATP,FAJA 
FATZ,FAJA 
FAUL,FAJA 
FAUP,FAJA 
FAUT,FACA 
FAVB,FAJA 
FAVG,FAJA 
FAVR,
FAWB,FAJA 
FAWK,FAJA 
FAWM,FAJA 
FAYP,FAJA 
FBFT,FBGR 
FBJW,FBGR 
FBKE,FBGR 
FBMN,FBGR 
FBOR,FBGR 
FBSK,FBGR 
FBSP,
FBTP,FBGR 
FCBB,FCCC 
FCBD,
FCBY,FCCC 
FCOD,FCCC 
FCOI,FZZA 
FCOM,FCCC 
FCOO,
FCOU,FCCC 
FCOX,FCCC 
FCPD,FCCC 
FCPP,FCCC 
FDMS,FAJA 
FDSK,FAJA 
FEFF,FCCC 
FEFG,FCCC 
FEFO,FCCC 
FEFT,FCCC 
FGBT,FCCC 
FGMY,FCCC 
FGSL,FCCC 
FHAW,SBAO 
FHSH,FNAN 
FIMP,FIMM 
FIMR,FIMM 
FJDG,FIMM 
FKKB,FCCC 
FKKC,FCCC 
FKKD,FCCC 
FKKF,
FKKI,FCCC 
FKKL,FCCC 
FKKM,
FKKN,FCCC 
FKKO,
FKKR,FCCC 
FKKU,FCCC 
FKKV,FCCC 
FKKY,FCCC 
FKYS,FCCC 
FLCP,
FLHN,FLFI 
FLKE,FLFI 
FLKK,FLFI 
FLMF,FLFI 
FLMG,FLFI 
FLND,FLFI 
FLSK,FLFI 
FLSO,FLFI 
FLSW,FLFI 
FMCH,FMMM 
FMCI,FMMM 
FMCN,FMMM 
FMCV,FMMM 
FMCZ,FMMM 
FMEE,FMMM 
FMEP,FMMM 
FMMI,FMMM 
FMML,FMMM 
FMMN,FMMM 
FMMR,FMMM 
FMMS,FMMM 
FMMT,FMMM 
FMMV,FMMM 
FMNA,FMMM 
FMNC,
FMND,FMMM 
FMNE,FMMM 
FMNH,
FMNL,FMMM 
FMNM,FMMM 
FMNN,FMMM 
FMNQ,
FMNR,FMMM 
FMNS,FMMM 
FMNV,FMMM 
FMNW,FMMM 
FMSD,FMMM 
FMSF,
FMSG,
FMSK,FMMM 
FMSM,FMMM 
FMSR,FMMM 
FMST,FMMM 
FNBG,FNAN 
FNCA,FNAN 
FNCT,FNAN 
FNCZ,FNAN 
FNDU,FZZA 
FNGI,FNAN 
FNHU,FNAN 
FNKU,FNAN 
FNLU,FNAN 
FNMA,FNAN 
FNME,FNAN 
FNMO,FNAN 
FNNG,FNAN 
FNPA,FNAN 
FNSA,FNAN 
FNSO,FNAN 
FNUA,FNAN 
FNUB,FNAN 
FNUE,FNAN 
FOGK,FCCC 
FOGM,
FOGO,FCCC 
FOGQ,
FOGR,
FOOB,FCCC 
FOOD,FCCC 
FOOG,FCCC 
FOOH,FCCC 
FOOK,FCCC 
FOOL,FCCC 
FOON,FCCC 
FOOT,
FPPR,
FPST,FCCC 
FQBR,FQBE 
FQCB,FQBE 
FQCH,FQBE 
FQIN,FQBE 
FQLC,FQBE 
FQMA,FQBE 
FQMP,FQBE 
FQNC,FQBE 
FQNP,FQBE 
FQPB,FQBE 
FQQL,FQBE 
FQTT,FQBE 
FQVL,FQBE 
FSIA,FSSS 
FSPP,FSSS 
FTTA,FTTT 
FTTB,FTTT 
FTTC,FTTT 
FTTD,FTTT 
FTTI,
FTTJ,FTTT 
FTTL,FTTT 
FTTP,FTTT 
FTTS,FTTT 
FTTU,FTTT 
FTTY,FTTT 
FVBU,FVHF 
FVCZ,FVHF 
FVFA,FVHF 
FVGR,FVHF 
FVHA,FVHF 
FVHA,FVHF 
FVJN,FVHF 
FVKB,FVHF 
FVMU,
FVMV,FVHF 
FVRG,FVHF 
FVTL,FVHF 
FVWN,FVHF 
FVWT,FVHF 
FWCL,FWLL 
FWKA,FWLL 
FWKI,FWLL 
FWLK,
FWSM,FWLL 
FWUU,
FXMM,FAJA 
FYAR,FYWH 
FYGF,FYWH 
FYKM,FBGR 
FYKT,FYWH 
FYLZ,FYWH 
FYOA,FYWH 
FYOG,
FYOS,FYWH 
FYRU,FYWH 
FYSA,
FYTM,FYWH 
FYWB,FYWH 
FYWE,FYWH 
FYWH,FYWH 
FZAA,FZZA 
FZAB,FCCC 
FZAG,
FZBO,FZZA 
FZCA,FZZA 
FZEA,FZZA 
FZFA,FZZA 
FZFD,FZZA 
FZFK,FZZA 
FZFP,FZZA 
FZIA,FZZA 
FZIC,FZZA 
FZJH,FZZA 
FZKA,FZZA 
FZKJ,FZZA 
FZMA,FZZA 
FZNA,FZZA 
FZNP,
FZOA,FZZA 
FZQA,FZZA 
FZQM,FZZA 
FZRF,FZZA 
FZSA,FZZA 
FZUA,FZZA 
FZUK,FZZA 
FZWA,FZZA 
GABS,GOOO 
GAGO,DRRR 
GAKD,GOOO 
GAMB,GOOO 
GANR,GOOO 
GASO,GOOO 
GATB,DRRR 
GAYE,
GBYD,GOOO 
GCFV,GCCC 
GCGM,GCCC 
GCHI,GCCC 
GCLA,GCCC 
GCLP,GCCC 
GCRR,GCCC 
GCTS,GCCC 
GCXO,GCCC 
GEML,GMMM 
GFBN,GLRB 
GFHA,GLRB 
GFKE,GLRB 
GFLL,GLRB 
GFYE,GLRB 
GGOV,GOOO 
GLMR,GLRB 
GLRB,GLRB 
GMAD,GMMM 
GMAG,GMMM 
GMAT,GMMM 
GMAZ,GMMM 
GMFB,GMMM 
GMFF,GMMM 
GMFK,GMMM 
GMFM,GMMM 
GMFO,DAAA 
GMMB,
GMMD,     
GMME,GMMM 
GMMF,GMMM 
GMMH,GMMM 
GMMI,GMMM 
GMML,GCCC 
GMMN,GMMM 
GMMT,
GMMW,GMMM 
GMMX,GMMM 
GMMZ,GMMM 
GMTA,GMMM 
GMTN,GMMM 
GMTT,GMMM 
GOBD,GOOO 
GOGG,GOOO 
GOGK,GOOO 
GOGS,GOOO 
GOOK,GOOO 
GOOY,GOOO 
GOOY,GOOO 
GOSS,GOOO 
GOTB,GOOO 
GOTK,GOOO 
GOTT,GOOO 
GQNA,GOOO 
GQNF,GOOO 
GQNI,GOOO 
GQNK,GOOO 
GQNN,GOOO 
GQNO,     
GQNS,GOOO 
GQPA,GOOO 
GQPP,GOOO 
GUCY,GLRB 
GUFH,GLRB 
GULB,GLRB 
GUNZ,GLRB 
GUSB,GLRB 
GUSI,GLRB 
GUXD,GLRB 
GVAC,GVSC 
GVBA,GVSC 
GVMA,
GVNP,GVSC 
GVSF,
GVSN,
GVSV,GVSC 
HAAB,HAAA 
HAAL,HAAA 
HAAM,
HAAX,HAAA 
HABD,HAAA 
HADC,
HADR,HAAA 
HAGM,HAAA 
HAGN,HAAA 
HAGO,HAAA 
HAHU,
HAJJ,
HAJM,HAAA 
HAKD,HAAA 
HALA,HAAA 
HALL,HAAA 
HAMK,HAAA 
HASO,
HBBA,HBBA 
HCMC,HCSM 
HCMF,HCSM 
HCMH,HCSM 
HCMI,HCSM 
HCMK,HCSM 
HCMM,HCSM 
HDAM,HAAA 
HEAL,HECC 
HEAR,HECC 
HEAT,HECC 
HEAX,HECC 
HEBA,HECC 
HEBF,HECC 
HEBL,HECC 
HECA,HECC 
HECP,HECC 
HECW,HECC 
HEDK,HECC 
HEGN,HECC 
HEKG,HECC 
HELX,HECC 
HEMA,HECC 
HEMM,HECC 
HEOW,     
HEPS,HECC 
HESC,HECC 
HESG,HECC 
HESH,HECC 
HESN,HECC 
HESX,HECC 
HETB,HECC 
HETR,
HHAS,HHAA 
HHMS,HHAA 
HHSB,HHAA 
HJJJ,HSSS 
HKAM,HKNA 
HKEL,HKNA 
HKGA,HKNA 
HKJK,HKNA 
HKKI,HKNA 
HKKR,
HKKT,
HKLK,
HKLO,HKNA 
HKLU,HKNA 
HKMB,HKNA 
HKMK,
HKML,HKNA 
HKMO,HKNA 
HKMY,HKNA 
HKNI,HKNA 
HKNL,HKNA 
HKNW,HKNA 
HKNY,HKNA 
HKOK,HKNA 
HKSB,HKNA 
HKWJ,HKNA 
HLBK,HLLL 
HLGD,HLLL 
HLGT,HLLL 
HLKF,HLLL 
HLLB,HLLL 
HLLM,HLLL 
HLLQ,HLLL 
HLLS,HLLL 
HLLT,HLLL 
HLMB,HLLL 
HLMS,HLLL 
HLNR,
HLON,HLLL 
HLTD,HLLL 
HLTM,HLLL 
HLTQ,HLLL 
HLUB,
HLZW,
HRYG,
HRYR,HRYR 
HRZA,HRYR 
HSAT,HSSS 
HSDN,HSSS 
HSDZ,HSSS 
HSFS,HSSS 
HSGN,HSSS 
HSKA,HSSS 
HSKI,HSSS 
HSLI,HSSS 
HSMN,HSSS 
HSNN,HSSS 
HSNW,HSSS 
HSOB,HSSS 
HSPN,HSSS 
HSSJ,HSSS 
HSSK,HSSS 
HSSM,HSSS 
HSSS,HSSS 
HSSW,
HSWW,HSSS 
HTAR,HTDC 
HTBU,
HTDA,HTDC 
HTDO,HTDC 
HTIR,
HTKA,HTDC 
HTKJ,HTDC 
HTLI,HTDC 
HTLM,
HTMA,HTDC 
HTMT,HTDC 
HTMU,
HTMW,HTDC 
HTNA,
HTPE,HTDC 
HTSO,HTDC 
HTSU,
HTSY,
HTTB,HTDC 
HTTG,HTDC 
HTZA,HTDC 
HUEN,HUEC 
HUGU,HUEC 
HUKS,
HUMA,HUEC 
HUSO,HUEC 
K00C,KZDV 
K00R,KZHU 
K0M0,KZME 
K0R0,KZHU 
K0V7,KZDV 
K2B3,KZBW 
K39N,KZNY 
K40J,KZJX 
K47N,KZNY 
KAAA,KZAU 
KAAF,
KAAO,KZKC 
KAAS,KZID 
KAAT,KZSE 
KABE,KZNY 
KABI,KZFW 
KABQ,KZAB 
KABR,KZMP 
KABY,KZJX 
KACB,KZMP 
KACJ,KZTL 
KACK,KZBW 
KACP,KZHU 
KACT,KZFW 
KACV,KZSE 
KACY,KZDC 
KACZ,KZDC 
KADG,KZOB 
KADH,KZFW 
KADM,KZFW 
KADS,KZFW 
KADT,KZDV 
KADW,KZDC 
KAEG,KZAB 
KAEJ,
KAEL,KZMP 
KAEX,KZHU 
KAFF,
KAFJ,KZOB 
KAFK,KZMP 
KAFN,
KAFO,
KAFP,KZTL 
KAFW,KZFW 
KAGC,KZOB 
KAGO,KZFW 
KAGS,KZTL 
KAHC,KZOA 
KAHH,KZMP 
KAHN,KZTL 
KAHQ,KZMP 
KAIA,KZDV 
KAIB,
KAID,KZID 
KAIG,KZMP 
KAIK,KZTL 
KAIO,KZMP 
KAIT,KZMP 
KAIV,
KAIZ,KZKC 
KAJG,KZID 
KAJR,KZTL 
KAJZ,
KAKH,KZTL 
KAKO,KZDV 
KAKQ,KZDC 
KAKR,KZOB 
KALB,KZBW 
KALI,KZHU 
KALM,KZAB 
KALN,KZKC 
KALO,KZAU 
KALS,KZDV 
KALW,KZSE 
KALX,KZTL 
KAMA,KZAB 
KAMG,KZJX 
KAMN,KZOB 
KAMW,KZMP 
KANB,KZTL 
KAND,KZTL 
KANE,KZMP 
KANJ,KZMP 
KANK,KZDV 
KANP,
KANQ,KZAU 
KANW,KZDV 
KANY,
KAOH,KZID 
KAOO,KZOB 
KAPA,KZDV 
KAPC,KZOA 
KAPF,KZMA 
KAPG,KZDC 
KAPH,KZDC 
KAPN,KZMP 
KAPT,
KAPV,
KARA,KZHU 
KARB,KZOB 
KARG,KZME 
KARM,
KARR,KZAU 
KART,KZBW 
KARV,KZMP 
KARW,
KASD,KZHU 
KASE,KZDV 
KASG,KZME 
KASH,KZBW 
KASJ,KZDC 
KASL,KZFW 
KASN,KZTL 
KAST,KZSE 
KASW,KZAU 
KASX,KZMP 
KASY,
KATL,KZTL 
KATS,KZAB 
KATW,KZMP 
KATY,KZMP 
KAUG,KZBW 
KAUM,KZMP 
KAUN,
KAUO,KZTL 
KAUS,KZHU 
KAUW,KZMP 
KAVC,KZDC 
KAVK,KZKC 
KAVL,KZTL 
KAVO,KZMA 
KAVP,KZNY 
KAVQ,KZAB 
KAVX,
KAWG,KZAU 
KAWM,KZME 
KAWO,KZSE 
KAXA,
KAXH,KZHU 
KAXN,KZMP 
KAXQ,KZOB 
KAXS,KZFW 
KAXV,KZID 
KAXX,
KAYS,KZJX 
KAYX,
KAZE,KZJX 
KAZO,KZAU 
KBAB,KZOA 
KBAD,KZFW 
KBAF,KZBW 
KBAK,KZID 
KBAM,KZLC 
KBAX,KZOB 
KBAZ,KZHU 
KBBB,KZMP 
KBBD,KZHU 
KBBG,
KBBP,KZJX 
KBBW,KZDV 
KBCB,KZDC 
KBCE,KZLC 
KBCK,KZMP 
KBCT,KZMA 
KBDE,KZMP 
KBDG,KZDV 
KBDL,KZBW 
KBDN,
KBDQ,KZME 
KBDR,KZNY 
KBDU,
KBEA,KZHU 
KBEC,KZKC 
KBED,KZBW 
KBEH,KZAU 
KBFA,KZMP 
KBFD,KZOB 
KBFF,KZDV 
KBFI,KZSE 
KBFK,
KBFL,KZLA 
KBFM,KZHU 
KBFR,KZID 
KBGD,KZAB 
KBGE,KZJX 
KBGF,KZME 
KBGM,KZNY 
KBGR,KZBW 
KBHB,KZBW 
KBHC,KZJX 
KBHK,KZLC 
KBHM,KZTL 
KBID,KZBW 
KBIE,KZMP 
KBIF,KZAB 
KBIH,KZAK 
KBIJ,KZJX 
KBIL,KZLC 
KBIS,KZMP 
KBIV,KZAU 
KBIX,KZHU 
KBJC,KZDV 
KBJI,KZMP 
KBJJ,KZOB 
KBKD,KZFW 
KBKE,KZLC 
KBKF,KZDV 
KBKL,KZOB 
KBKN,
KBKS,KZHU 
KBKT,
KBKV,KZMA 
KBKW,KZID 
KBKX,KZMP 
KBLF,KZID 
KBLH,KZLA 
KBLI,KZSE 
KBLM,KZNY 
KBLU,
KBLV,KZKC 
KBMC,KZLC 
KBMG,KZID 
KBMI,KZAU 
KBML,KZBW 
KBMQ,KZHU 
KBMT,
KBNA,KZME 
KBNG,
KBNL,KZJX 
KBNO,KZLC 
KBNW,KZMP 
KBOI,KZLC 
KBOK,
KBOS,KZBW 
KBOW,KZMA 
KBPG,KZFW 
KBPI,KZLC 
KBPK,
KBPT,KZHU 
KBQK,KZJX 
KBQP,
KBRD,KZMP 
KBRG,KZAB 
KBRL,KZAU 
KBRO,KZHU 
KBRY,KZID 
KBST,KZBW 
KBTF,
KBTL,KZAU 
KBTM,KZLC 
KBTN,KZMP 
KBTP,KZOB 
KBTR,KZHU 
KBTV,KZBW 
KBTY,
KBUB,
KBUF,KZOB 
KBUM,KZKC 
KBUR,KZLA 
KBUU,KZAU 
KBUY,KZDC 
KBVI,KZOB 
KBVO,KZKC 
KBVS,
KBVU,
KBVX,KZME 
KBVY,KZBW 
KBWC,KZLA 
KBWD,KZFW 
KBWG,KZME 
KBWI,KZDC 
KBWP,KZMP 
KBXA,KZHU 
KBXK,
KBYG,KZLC 
KBYH,KZME 
KBYI,KZLC 
KBYY,
KBZN,KZLC 
KCAD,
KCAE,KZJX 
KCAG,KZDV 
KCAK,KZOB 
KCAO,
KCAR,
KCBE,KZOB 
KCBF,KZMP 
KCBG,KZMP 
KCBK,KZDV 
KCBM,KZME 
KCCB,KZLA 
KCCO,KZTL 
KCCR,KZOA 
KCCY,KZAU 
KCDA,
KCDC,KZLC 
KCDH,KZFW 
KCDI,KZOB 
KCDK,
KCDN,KZJX 
KCDR,KZDV 
KCDS,
KCDW,KZNY 
KCEA,
KCEC,KZSE 
KCEF,KZBW 
KCEK,KZMP 
KCEU,KZTL 
KCEV,KZID 
KCEW,KZJX 
KCEY,KZME 
KCEZ,KZDV 
KCFD,
KCFJ,KZID 
KCFT,
KCFV,KZKC 
KCGE,KZDC 
KCGF,KZOB 
KCGI,KZME 
KCGS,
KCGZ,KZAB 
KCHA,KZTL 
KCHD,KZAB 
KCHK,KZFW 
KCHO,KZDC 
KCHS,KZJX 
KCIC,KZOA 
KCID,KZAU 
KCII,KZLC 
KCIN,KZMP 
KCIR,KZME 
KCIU,CZYZ 
KCJR,KZDC 
KCKA,
KCKB,KZOB 
KCKC,
KCKF,KZJX 
KCKI,KZJX 
KCKM,KZME 
KCKN,KZMP 
KCKP,KZMP 
KCKV,KZME 
KCLE,KZOB 
KCLI,KZMP 
KCLK,KZFW 
KCLL,KZHU 
KCLM,KZSE 
KCLR,
KCLS,
KCLT,KZTL 
KCLW,
KCMA,KZLA 
KCMH,KZID 
KCMI,KZAU 
KCMX,KZMP 
KCMY,KZAU 
KCNC,KZMP 
KCNH,
KCNI,KZTL 
KCNK,
KCNM,KZAB 
KCNO,KZLA 
KCNP,KZDV 
KCNU,KZKC 
KCNW,KZFW 
KCNY,KZDV 
KCOD,KZLC 
KCOE,KZSE 
KCOF,KZJX 
KCOI,
KCOM,
KCON,KZBW 
KCOQ,KZMP 
KCOS,KZDV 
KCOT,
KCOU,KZKC 
KCPC,KZJX 
KCPK,KZDC 
KCPM,
KCPR,KZDV 
KCPS,KZKC 
KCPT,KZFW 
KCPU,KZOA 
KCQB,KZKC 
KCQF,KZJX 
KCQW,
KCRE,KZJX 
KCRG,KZJX 
KCRP,KZHU 
KCRQ,KZLA 
KCRS,KZFW 
KCRT,KZME 
KCRW,KZID 
KCRX,KZME 
KCSG,KZTL 
KCSM,KZFW 
KCSQ,KZMP 
KCSV,KZTL 
KCTB,KZLC 
KCTJ,KZTL 
KCTK,
KCTY,KZJX 
KCTZ,KZDC 
KCUB,KZJX 
KCUH,KZKC 
KCUL,KZID 
KCVC,KZTL 
KCVG,KZID 
KCVH,KZOA 
KCVK,KZME 
KCVN,KZAB 
KCVO,KZSE 
KCVS,KZAB 
KCVX,KZMP 
KCWA,KZMP 
KCWC,
KCWF,KZHU 
KCWI,KZAU 
KCWV,KZJX 
KCXL,
KCXO,KZHU 
KCXP,KZOA 
KCXU,KZJX 
KCXY,KZNY 
KCYO,KZID 
KCYS,KZDV 
KCYW,KZKC 
KCZD,KZDV 
KCZL,KZTL 
KCZT,KZHU 
KDAA,KZDC 
KDAB,KZJX 
KDAG,KZLA 
KDAL,KZFW 
KDAN,KZDC 
KDAW,KZBW 
KDAY,KZID 
KDBN,KZTL 
KDBQ,KZAU 
KDCA,KZDC 
KDCU,KZME 
KDCY,KZID 
KDDC,KZKC 
KDEC,KZAU 
KDED,KZJX 
KDEH,
KDEN,KZDV 
KDET,KZOB 
KDEW,KZSE 
KDFI,KZOB 
KDFW,KZFW 
KDGL,
KDGW,KZDV 
KDHN,KZJX 
KDHT,KZAB 
KDIJ,KZLC 
KDIK,KZMP 
KDKB,KZAU 
KDKK,KZOB 
KDKR,KZHU 
KDKX,KZTL 
KDLC,
KDLF,KZHU 
KDLH,KZMP 
KDLL,     
KDLN,KZLC 
KDLO,KZLA 
KDLS,KZSE 
KDLZ,KZID 
KDMA,KZAB 
KDMN,KZAB 
KDMO,KZKC 
KDMW,KZNY 
KDNL,
KDNN,KZTL 
KDNS,KZMP 
KDNV,KZAU 
KDOV,KZDC 
KDPA,KZAU 
KDPG,KZLC 
KDPL,KZDC 
KDQH,KZJX 
KDRI,KZHU 
KDRM,
KDRO,KZDV 
KDRP,KZME 
KDRT,KZHU 
KDSM,KZMP 
KDSV,
KDTA,KZLC 
KDTL,KZMP 
KDTN,KZFW 
KDTO,KZFW 
KDTS,KZJX 
KDTW,KZOB 
KDUA,KZFW 
KDUC,KZFW 
KDUG,KZAB 
KDUH,KZOB 
KDUJ,KZOB 
KDUX,KZAB 
KDVK,KZID 
KDVL,KZMP 
KDVN,KZAU 
KDVO,
KDVP,
KDVT,KZAB 
KDWH,KZHU 
KDWU,KZID 
KDXE,KZME 
KDXR,KZNY 
KDYB,KZJX 
KDYL,
KDYR,KZME 
KDYS,KZFW 
KEAN,
KEAR,KZMP 
KEAT,KZSE 
KEAU,KZMP 
KEBG,KZHU 
KEBS,KZMP 
KECG,KZDC 
KECP,KZJX 
KECS,KZDV 
KECU,KZHU 
KEDE,KZDC 
KEDG,KZDC 
KEDN,
KEDW,KZLA 
KEED,KZLA 
KEEN,KZBW 
KEET,KZTL 
KEFC,KZDV 
KEFD,KZHU 
KEFK,KZBW 
KEFT,KZAU 
KEFW,
KEGE,KZDV 
KEGI,KZJX 
KEGT,KZKC 
KEGV,KZMP 
KEHA,KZKC 
KEHO,KZTL 
KEHR,KZID 
KEKA,
KEKM,KZAU 
KEKN,KZOB 
KEKO,KZLC 
KEKQ,KZID 
KEKS,     
KEKX,KZID 
KEKY,KZTL 
KELA,
KELD,KZFW 
KELK,KZFW 
KELM,KZNY 
KELN,KZSE 
KELO,KZMP 
KELP,KZAB 
KELY,KZLC 
KELZ,KZOB 
KEMM,
KEMP,KZKC 
KEMT,KZLA 
KEMV,KZDC 
KEND,KZKC 
KENL,KZKC 
KENV,KZLC 
KENW,KZAU 
KEOK,KZKC 
KEOP,KZID 
KEOS,KZKC 
KEPH,KZSE 
KEPM,KZBW 
KEQA,KZKC 
KEQY,KZTL 
KERI,KZOB 
KERV,KZHU 
KERY,KZMP 
KESC,KZMP 
KESF,KZHU 
KESN,KZDC 
KEST,KZMP 
KESW,
KETB,KZAU 
KETC,KZDC 
KETN,KZFW 
KEUF,KZTL 
KEUG,KZSE 
KEUL,KZLC 
KEVB,KZJX 
KEVM,KZMP 
KEVU,KZMP 
KEVV,KZID 
KEVW,KZLC 
KEVY,KZDC 
KEWB,KZBW 
KEWK,KZKC 
KEWN,KZDC 
KEWR,KZNY 
KEXX,KZTL 
KEYE,KZID 
KEYF,KZDC 
KEYW,KZMA 
KEZI,KZAU 
KEZM,KZJX 
KFAF,
KFAM,
KFAR,KZMP 
KFAT,KZOA 
KFAY,KZDC 
KFBG,KZDC 
KFBL,KZMP 
KFBR,KZLC 
KFBY,
KFCH,
KFCI,KZDC 
KFCM,KZMP 
KFCS,
KFCY,
KFDK,KZDC 
KFDR,KZFW 
KFDW,KZJX 
KFDY,KZOB 
KFEP,KZAU 
KFET,
KFFA,
KFFC,KZTL 
KFFL,KZAU 
KFFM,KZMP 
KFFO,KZID 
KFFT,KZID 
KFFZ,KZAB 
KFGX,KZID 
KFHB,KZJX 
KFHR,
KFHU,KZAB 
KFIG,KZOB 
KFIN,KZJX 
KFIT,KZBW 
KFKA,
KFKL,KZOB 
KFKN,KZDC 
KFKR,KZAU 
KFKS,KZMP 
KFLD,KZAU 
KFLG,KZAB 
KFLL,KZMA 
KFLO,KZJX 
KFLP,KZME 
KFLV,KZKC 
KFLX,KZOA 
KFME,
KFMH,KZBW 
KFMN,KZDV 
KFMY,KZMA 
KFMZ,KZMP 
KFNL,KZDV 
KFNT,KZOB 
KFOA,KZKC 
KFOD,KZMP 
KFOE,KZKC 
KFOK,KZBW 
KFOM,
KFOT,KZSE 
KFPK,KZOB 
KFPR,KZMA 
KFQD,KZTL 
KFRG,KZNY 
KFRH,KZID 
KFRI,KZKC 
KFRM,KZMP 
KFRR,
KFSD,KZMP 
KFSI,KZFW 
KFSK,KZKC 
KFSM,KZME 
KFSO,KZBW 
KFST,KZAB 
KFSU,
KFSW,
KFTG,KZDV 
KFTK,KZID 
KFTW,KZFW 
KFTY,KZTL 
KFUL,
KFVE,KZBW 
KFVX,KZDC 
KFWA,KZAU 
KFWC,KZKC 
KFWQ,KZOB 
KFWS,KZFW 
KFXE,KZMA 
KFXY,KZMP 
KFYE,KZME 
KFYM,KZME 
KFYV,KZME 
KFZG,KZJX 
KFZI,KZOB 
KFZY,KZBW 
KGAD,KZTL 
KGAF,KZMP 
KGAG,KZKC 
KGAI,KZDC 
KGBD,KZKC 
KGBG,KZAU 
KGBR,
KGCC,KZDV 
KGCD,
KGCK,KZKC 
KGCM,KZKC 
KGCN,KZLA 
KGCY,KZTL 
KGDM,
KGDV,KZLC 
KGDW,KZOB 
KGED,KZDC 
KGEG,KZSE 
KGEU,KZAB 
KGEV,KZTL 
KGEY,KZLC 
KGEZ,KZID 
KGFD,
KGFK,KZMP 
KGFL,KZBW 
KGFZ,KZMP 
KGGE,KZJX 
KGGG,KZFW 
KGGI,KZAU 
KGGP,KZAU 
KGGW,KZLC 
KGHG,
KGHM,KZME 
KGHW,KZMP 
KGIC,KZSE 
KGIF,KZMA 
KGJT,KZDV 
KGKJ,
KGKT,
KGKY,KZFW 
KGLD,KZDV 
KGLE,KZFW 
KGLH,KZME 
KGLR,KZMP 
KGLS,KZHU 
KGLW,KZME 
KGLY,KZKC 
KGMJ,KZKC 
KGMU,KZTL 
KGNC,KZFW 
KGNF,KZME 
KGNG,
KGNT,
KGNV,KZJX 
KGOK,
KGON,KZBW 
KGPH,KZKC 
KGPI,KZLC 
KGPT,KZHU 
KGPZ,KZMP 
KGQQ,
KGRB,KZMP 
KGRD,KZTL 
KGRE,KZKC 
KGRF,KZSE 
KGRI,KZMP 
KGRK,KZFW 
KGRN,
KGRR,KZAU 
KGSB,KZDC 
KGSH,KZAU 
KGSO,KZTL 
KGSP,KZTL 
KGTB,KZBW 
KGTE,KZDV 
KGTF,KZLC 
KGTG,
KGTR,KZME 
KGTU,KZHU 
KGUC,KZDV 
KGUP,KZAB 
KGUR,KZDV 
KGUS,KZAU 
KGUY,KZKC 
KGVE,
KGVL,KZTL 
KGVQ,KZOB 
KGVT,KZFW 
KGWB,KZAU 
KGWO,KZME 
KGWR,KZMP 
KGWS,
KGWW,KZDC 
KGXY,KZDV 
KGYH,KZTL 
KGYI,
KGYL,KZMP 
KGYR,KZAB 
KGYY,KZAU 
KGZH,KZJX 
KGZS,KZME 
KHAB,KZME 
KHAE,KZKC 
KHAF,KZOA 
KHAI,
KHAO,KZID 
KHBG,KZHU 
KHBI,KZTL 
KHBR,KZFW 
KHBV,KZHU 
KHBZ,KZME 
KHCD,KZMP 
KHCO,KZMP 
KHCR,KZLC 
KHDC,KZHU 
KHDE,KZDV 
KHDN,KZDV 
KHDO,KZHU 
KHEE,KZME 
KHEF,KZDC 
KHEG,KZJX 
KHEI,KZMP 
KHEQ,KZDV 
KHES,     
KHEZ,KZHU 
KHFD,KZBW 
KHFF,KZDC 
KHFY,KZID 
KHGR,KZDC 
KHHF,KZAB 
KHHG,KZAU 
KHHR,KZLA 
KHHW,
KHIB,KZMP 
KHIE,
KHIF,KZLC 
KHII,KZLA 
KHIO,KZSE 
KHKA,KZME 
KHKS,KZME 
KHKY,KZTL 
KHLB,
KHLC,
KHLG,KZOB 
KHLM,     
KHLN,KZLC 
KHLR,KZFW 
KHLX,KZTL 
KHMN,KZAB 
KHMT,KZLA 
KHMZ,KZOB 
KHNB,KZID 
KHND,     
KHNZ,KZDC 
KHOB,KZFW 
KHOE,KZJX 
KHON,KZMP 
KHOP,KZME 
KHOT,KZME 
KHOU,KZHU 
KHPN,KZNY 
KHPT,KZMP 
KHPY,KZHU 
KHQG,KZKC 
KHQM,KZSE 
KHQU,KZTL 
KHQZ,KZFW 
KHRI,
KHRJ,KZDC 
KHRL,KZHU 
KHRO,KZME 
KHRT,KZJX 
KHRU,KZKC 
KHRX,KZAB 
KHSA,KZHU 
KHSB,
KHSD,KZFW 
KHSI,KZMP 
KHSP,KZDC 
KHSR,KZDV 
KHST,KZMA 
KHSV,KZME 
KHTH,KZOA 
KHTL,KZMP 
KHTO,KZNY 
KHTS,KZID 
KHTW,
KHUA,
KHUF,KZID 
KHUL,KZBW 
KHUM,KZHU 
KHUT,KZKC 
KHVC,KZME 
KHVE,
KHVN,KZNY 
KHVR,KZLC 
KHVS,
KHWD,KZOA 
KHWO,KZMA 
KHWV,KZNY 
KHWY,KZDC 
KHXD,
KHYA,KZBW 
KHYI,KZHU 
KHYR,KZMP 
KHYS,KZKC 
KHYW,KZJX 
KHYX,KZOB 
KHZD,KZME 
KHZE,KZMP 
KHZL,KZNY 
KHZR,KZHU 
KHZY,KZOB 
KIAB,KZKC 
KIAD,KZDC 
KIAG,KZOB 
KIAH,KZHU 
KIBM,KZDV 
KICL,KZMP 
KICR,KZMP 
KICT,KZKC 
KIDA,KZLC 
KIDG,
KIDI,
KIDL,KZME 
KIDP,KZKC 
KIEN,
KIER,KZFW 
KIFA,KZAU 
KIFP,KZLA 
KIGM,KZLA 
KIIB,KZAU 
KIIY,KZTL 
KIJD,KZBW 
KIJX,KZKC 
KIKK,KZAU 
KIKV,KZMP 
KILE,KZFW 
KILG,KZDC 
KILM,KZDC 
KILN,KZID 
KIML,KZDV 
KIMM,
KIMS,KZID 
KIMT,KZMP 
KIND,KZID 
KINK,KZFW 
KINL,KZMP 
KINS,KZLA 
KINT,KZTL 
KINW,KZAB 
KIOB,KZID 
KIOW,KZAU 
KIPJ,KZTL 
KIPL,KZLA 
KIPT,KZNY 
KIRK,KZKC 
KIRS,KZAU 
KISM,KZJX 
KISN,KZLC 
KISO,KZDC 
KISP,KZNY 
KISQ,KZMP 
KISW,KZMP 
KITH,KZNY 
KITR,KZDV 
KIWA,KZAB 
KIWD,KZMP 
KIWH,KZAU 
KIWI,
KIWS,KZHU 
KIXD,KZKC 
KIYK,
KIZA,
KIZG,
KJAC,KZLC 
KJAN,KZME 
KJAS,KZHU 
KJAU,KZTL 
KJAX,KZJX 
KJBR,KZME 
KJCA,KZTL 
KJCT,KZHU 
KJDD,KZFW 
KJDN,
KJEF,KZKC 
KJER,KZLC 
KJES,KZJX 
KJFK,KZNY 
KJFX,KZTL 
KJGG,KZDC 
KJHW,KZOB 
KJKA,
KJKL,KZID 
KJLN,KZKC 
KJMR,KZMP 
KJMS,KZMP 
KJNX,KZDC 
KJOT,
KJQF,KZTL 
KJSO,KZFW 
KJST,KZOB 
KJSV,KZME 
KJVL,KZAU 
KJVY,KZID 
KJWG,KZKC 
KJWN,KZME 
KJWY,KZFW 
KJXN,KZOB 
KJYL,KZJX 
KJYO,KZDC 
KJYR,KZMP 
KJZI,KZJX 
KJZP,KZTL 
KKIC,
KKLS,KZSE 
KKNB,
KL08,KZLA 
KLAA,KZDV 
KLAF,KZAU 
KLAL,KZMA 
KLAM,
KLAN,KZOB 
KLAR,KZDV 
KLAS,KZLA 
KLAW,KZFW 
KLAX,KZLA 
KLBB,KZFW 
KLBE,KZOB 
KLBF,KZDV 
KLBL,KZKC 
KLBO,KZKC 
KLBT,
KLBX,KZHU 
KLCG,KZMP 
KLCH,KZHU 
KLCI,KZBW 
KLCK,KZID 
KLCQ,KZJX 
KLDJ,KZNY 
KLDM,KZMP 
KLEB,KZBW 
KLEE,KZJX 
KLEM,
KLEW,KZBW 
KLEX,KZID 
KLFI,KZDC 
KLFK,KZHU 
KLFT,KZHU 
KLGA,KZNY 
KLGB,KZLA 
KLGC,KZTL 
KLGD,KZSE 
KLGF,KZLA 
KLGU,KZLC 
KLHM,KZOA 
KLHQ,KZID 
KLHV,
KLHW,KZJX 
KLHX,KZDV 
KLHZ,
KLIC,
KLIT,KZME 
KLJF,KZMP 
KLKP,
KLKR,KZTL 
KLKU,
KLKV,KZSE 
KLLJ,
KLLQ,KZME 
KLLR,KZOA 
KLMS,KZME 
KLMT,KZSE 
KLNA,
KLND,
KLNK,KZMP 
KLNL,KZMP 
KLNN,KZOB 
KLNP,KZID 
KLNR,KZAU 
KLNS,KZNY 
KLOL,KZOA 
KLOT,
KLOU,KZID 
KLOZ,KZID 
KLPC,
KLPR,KZOB 
KLQK,KZTL 
KLQR,KZKC 
KLRD,KZHU 
KLRF,KZME 
KLRJ,KZMP 
KLRO,
KLRU,KZAB 
KLRY,KZKC 
KLSB,
KLSE,KZMP 
KLSF,KZTL 
KLSK,
KLSN,
KLSV,KZLA 
KLTS,KZFW 
KLTY,
KLUA,KZDC 
KLUF,KZAB 
KLUG,KZME 
KLUK,KZID 
KLUL,KZHU 
KLUM,KZMP 
KLVK,KZOA 
KLVL,
KLVM,KZLC 
KLVN,KZMP 
KLVS,KZAB 
KLWB,KZDC 
KLWC,KZKC 
KLWD,KZMP 
KLWL,KZLC 
KLWM,KZBW 
KLWS,KZSE 
KLWT,KZLC 
KLWV,KZID 
KLXL,KZMP 
KLXN,KZDV 
KLXT,KZKC 
KLXV,
KLXY,KZFW 
KLYH,KZDC 
KLYO,
KLZU,
KMAC,KZTL 
KMAE,KZOA 
KMAF,KZFW 
KMAI,KZJX 
KMAL,KZBW 
KMAO,KZJX 
KMAW,KZME 
KMBG,KZMP 
KMBL,KZMP 
KMBO,KZME 
KMBS,KZOB 
KMBT,KZME 
KMBY,KZKC 
KMCB,KZHU 
KMCC,KZOA 
KMCD,
KMCE,KZOA 
KMCF,KZMA 
KMCI,KZKC 
KMCK,KZDV 
KMCN,KZTL 
KMCO,KZJX 
KMCW,KZMP 
KMCX,KZAU 
KMCZ,KZDC 
KMDD,KZFW 
KMDF,     
KMDH,KZKC 
KMDQ,KZME 
KMDS,KZMP 
KMDT,KZNY 
KMDW,KZAU 
KMDZ,
KMEB,KZDC 
KMEI,KZME 
KMEM,KZME 
KMER,KZOA 
KMEV,KZOA 
KMEZ,KZME 
KMFD,KZOB 
KMFE,KZHU 
KMFE,KZHU 
KMFI,KZMP 
KMFR,KZSE 
KMFV,KZDC 
KMGC,KZAU 
KMGE,KZTL 
KMGJ,KZNY 
KMGM,KZTL 
KMGR,KZJX 
KMGW,KZOB 
KMGY,KZID 
KMHE,KZMP 
KMHK,KZKC 
KMHL,
KMHR,KZOA 
KMHT,KZBW 
KMHV,KZLA 
KMIA,KZMA 
KMIB,KZMP 
KMIC,KZMP 
KMIE,KZID 
KMIO,KZKC 
KMIT,KZLA 
KMIV,KZDC 
KMIW,KZAU 
KMJD,KZHU 
KMJQ,
KMJX,
KMKC,KZKC 
KMKE,KZAU 
KMKG,KZAU 
KMKJ,KZTL 
KMKL,KZME 
KMKO,KZFW 
KMKT,KZMP 
KMKY,
KMLB,KZMA 
KMLC,KZFW 
KMLD,
KMLE,
KMLF,KZLC 
KMLI,KZAU 
KMLJ,KZTL 
KMLS,KZLC 
KMLT,KZBW 
KMLU,KZFW 
KMMH,
KMMI,KZTL 
KMML,KZMP 
KMMS,
KMMT,KZJX 
KMMU,KZNY 
KMMV,KZSE 
KMNF,KZKC 
KMNM,KZMP 
KMNN,KZOB 
KMNZ,KZFW 
KMOB,KZHU 
KMOD,KZOA 
KMOP,KZOB 
KMOR,KZTL 
KMOT,KZMP 
KMOX,
KMPE,KZME 
KMPI,
KMPJ,KZME 
KMPO,KZNY 
KMPR,KZKC 
KMPV,KZBW 
KMPZ,
KMQB,KZAU 
KMQI,
KMQJ,KZID 
KMQS,
KMQW,KZJX 
KMQY,KZME 
KMRB,KZDC 
KMRC,KZME 
KMRF,KZAB 
KMRH,KZDC 
KMRJ,KZAU 
KMRN,KZTL 
KMRT,KZID 
KMRY,KZOA 
KMSL,KZME 
KMSN,KZAU 
KMSO,KZLC 
KMSP,KZMP 
KMSS,KZBW 
KMSV,KZNY 
KMSY,KZHU 
KMTC,KZOB 
KMTH,KZMA 
KMTJ,KZDV 
KMTN,KZDC 
KMTO,KZAU 
KMTP,
KMTV,KZTL 
KMTW,KZMP 
KMUI,
KMUL,
KMUO,KZLC 
KMUT,KZAU 
KMVC,KZTL 
KMVE,KZMP 
KMVI,KZDV 
KMVL,
KMVM,
KMVN,KZKC 
KMVY,KZBW 
KMWA,KZKC 
KMWC,KZAU 
KMWH,KZSE 
KMWK,KZTL 
KMWL,KZFW 
KMWM,
KMWO,KZID 
KMXA,
KMXF,KZTL 
KMXO,
KMYF,KZLA 
KMYJ,KZKC 
KMYL,KZLC 
KMYR,KZJX 
KMYV,KZOA 
KMYZ,KZKC 
KMZJ,KZAB 
KMZZ,KZAU 
KNBC,KZJX 
KNBG,KZHU 
KNDY,
KNEL,KZNY 
KNEN,
KNEW,KZHU 
KNFL,KZOA 
KNFW,KZFW 
KNGP,KZHU 
KNGU,KZDC 
KNGW,
KNHK,KZDC 
KNID,KZLA 
KNIP,KZJX 
KNJK,KZLA 
KNKT,KZDC 
KNKX,KZLA 
KNLC,KZOA 
KNPA,KZJX 
KNQA,KZME 
KNQI,KZHU 
KNQX,KZMA 
KNRB,KZJX 
KNRN,KZDV 
KNRS,
KNSE,KZJX 
KNTD,KZLA 
KNTU,KZDC 
KNUC,KZLA 
KNUQ,KZOA 
KNUW,KZSE 
KNVD,KZKC 
KNWL,
KNXP,KZLA 
KNYG,KZDC 
KNYL,KZLA 
KNZY,KZLA 
KOAJ,KZDC 
KOAK,KZOA 
KOAR,
KOBE,
KOCF,KZJX 
KOCH,KZHU 
KOCW,KZDC 
KODO,KZFW 
KODX,KZMP 
KOEB,KZAU 
KOEL,KZDV 
KOEO,
KOFF,KZMP 
KOFK,KZMP 
KOFP,KZDC 
KOGA,KZDV 
KOGB,KZJX 
KOGD,KZLC 
KOGS,KZBW 
KOIC,KZBW 
KOJC,KZKC 
KOKC,KZFW 
KOKK,KZAU 
KOKM,KZKC 
KOKS,
KOKV,
KOKZ,KZTL 
KOLD,KZBW 
KOLE,KZOB 
KOLF,KZLC 
KOLG,KZMP 
KOLM,KZSE 
KOLS,KZAB 
KOLU,KZMP 
KOLV,KZME 
KOLY,
KOLZ,KZAU 
KOMA,KZMP 
KOMK,KZSE 
KOMN,KZJX 
KONA,KZMP 
KONL,KZMP 
KONM,KZAB 
KONO,KZLC 
KONP,KZSE 
KONT,KZLA 
KONX,KZDC 
KONY,KZFW 
KONZ,KZOB 
KOOA,
KOPF,KZMA 
KOPL,KZHU 
KOPN,KZTL 
KOQU,KZBW 
KORB,KZMP 
KORC,KZMP 
KORD,KZAU 
KORE,KZBW 
KORF,KZDC 
KORG,KZHU 
KORH,KZBW 
KORK,KZME 
KORL,KZJX 
KORS,KZSE 
KOSC,KZMP 
KOSH,KZAU 
KOSU,KZID 
KOSX,
KOTG,KZMP 
KOTH,KZSE 
KOTM,KZAU 
KOUN,KZFW 
KOVE,KZOA 
KOVO,KZID 
KOVS,KZAU 
KOWA,KZMP 
KOWB,KZID 
KOWD,KZBW 
KOWI,KZKC 
KOWK,KZBW 
KOWX,KZOB 
KOXB,
KOXC,KZNY 
KOXD,
KOXI,KZAU 
KOXR,KZLA 
KOXV,KZMP 
KOYM,
KOZA,
KOZR,
KOZW,KZOB 
KP52,KZAB 
KPAE,KZSE 
KPAH,KZME 
KPAM,KZJX 
KPAN,
KPAO,KZOA 
KPBF,KZME 
KPBG,KZBW 
KPBH,KZMP 
KPBI,KZMA 
KPBX,KZID 
KPCM,KZMA 
KPCW,KZOB 
KPCZ,KZMP 
KPDC,KZAU 
KPDK,KZTL 
KPDT,KZSE 
KPDX,KZSE 
KPEA,KZMP 
KPEO,KZOB 
KPEQ,KZAB 
KPEX,
KPFC,
KPGA,KZDV 
KPGD,KZMA 
KPGR,
KPGV,KZDC 
KPHD,
KPHF,KZDC 
KPHG,KZDV 
KPHH,
KPHK,KZMA 
KPHL,KZNY 
KPHN,KZOB 
KPHP,KZDV 
KPHT,KZME 
KPHX,KZAB 
KPIA,KZAU 
KPIB,KZHU 
KPIE,KZMA 
KPIH,KZLC 
KPIL,KZHU 
KPIM,KZTL 
KPIR,KZMP 
KPIT,KZOB 
KPJY,KZKC 
KPKB,KZID 
KPKD,KZMP 
KPKF,
KPKV,KZHU 
KPLB,KZBW 
KPLD,KZAU 
KPLK,
KPLN,KZMP 
KPLR,KZTL 
KPMB,KZMP 
KPMD,KZLA 
KPMH,KZID 
KPMP,KZMA 
KPMV,KZMP 
KPMZ,KZDC 
KPNA,KZLC 
KPNC,KZKC 
KPNE,KZNY 
KPNN,KZBW 
KPNS,KZJX 
KPNT,KZAU 
KPOB,KZDC 
KPOC,KZLA 
KPOE,KZHU 
KPOF,KZME 
KPOH,
KPOU,KZNY 
KPOY,KZLC 
KPPA,KZAB 
KPPF,KZKC 
KPPO,
KPPQ,KZKC 
KPQI,KZBW 
KPQL,KZHU 
KPQN,KZMP 
KPRB,KZOA 
KPRC,KZAB 
KPRG,KZID 
KPRN,KZTL 
KPRO,KZMP 
KPRX,KZFW 
KPRZ,KZAB 
KPSB,KZNY 
KPSC,KZSE 
KPSF,KZBW 
KPSK,KZDC 
KPSM,KZBW 
KPSN,KZFW 
KPSO,KZDV 
KPSP,KZLA 
KPSX,KZHU 
KPTB,KZDC 
KPTK,KZOB 
KPTN,KZHU 
KPTS,KZKC 
KPTT,KZKC 
KPTV,KZLA 
KPTW,
KPUB,KZDV 
KPUC,KZLC 
KPUJ,KZTL 
KPUW,KZSE 
KPVB,KZAU 
KPVC,
KPVD,KZBW 
KPVE,
KPVF,
KPVJ,KZFW 
KPVU,KZLC 
KPVW,KZFW 
KPWA,KZFW 
KPWC,KZMP 
KPWD,
KPWG,KZFW 
KPWK,KZAU 
KPWM,KZBW 
KPWT,KZSE 
KPXE,KZTL 
KPYM,
KPYX,KZKC 
KPZQ,KZMP 
KRAC,KZAU 
KRAL,KZLA 
KRAP,KZDV 
KRBD,KZFW 
KRBE,KZDV 
KRBG,KZSE 
KRBL,KZOA 
KRBW,KZJX 
KRCA,KZDV 
KRCE,KZFW 
KRCK,
KRCR,KZAU 
KRCT,
KRCV,KZDV 
KRCX,KZMP 
KRCZ,
KRDD,KZOA 
KRDG,KZNY 
KRDK,KZMP 
KRDM,KZSE 
KRDR,KZMP 
KRDU,KZDC 
KREO,
KRFD,KZAU 
KRFG,
KRGK,KZMP 
KRHI,KZMP 
KRHP,KZTL 
KRHV,
KRIC,KZDC 
KRID,KZID 
KRIF,
KRIL,KZDV 
KRIR,
KRIV,KZLA 
KRIW,KZLC 
KRKD,KZBW 
KRKP,KZHU 
KRKR,KZME 
KRKS,KZLC 
KRKW,KZTL 
KRLD,KZSE 
KRME,KZBW 
KRMG,KZTL 
KRMN,KZDC 
KRNC,KZME 
KRND,KZHU 
KRNH,
KRNM,KZLA 
KRNO,KZOA 
KRNP,KZOB 
KRNT,KZSE 
KRNV,KZME 
KROA,KZDC 
KROC,KZOB 
KROG,KZME 
KROS,KZMP 
KROW,KZAB 
KROX,
KRPD,KZMP 
KRPJ,KZAU 
KRPX,
KRQB,
KRQE,KZAB 
KRQO,KZFW 
KRRL,KZMP 
KRRT,
KRSL,
KRSN,
KRST,KZMP 
KRSV,KZID 
KRSW,KZMA 
KRTN,KZAB 
KRUE,KZME 
KRUQ,KZTL 
KRUT,KZBW 
KRVL,
KRVS,KZKC 
KRWF,KZMP 
KRWI,KZDC 
KRWL,KZDV 
KRWN,KZAU 
KRXE,
KRYN,KZAB 
KRYV,KZAU 
KRYY,KZTL 
KRZL,
KRZR,KZTL 
KRZT,KZID 
KS21,KZSE 
KSAA,KZDV 
KSAC,KZOA 
KSAD,
KSAF,KZAB 
KSAN,KZLA 
KSAR,
KSAT,KZHU 
KSAV,KZJX 
KSAW,KZMP 
KSBA,KZLA 
KSBD,KZLA 
KSBM,KZAU 
KSBN,KZAU 
KSBO,KZTL 
KSBP,KZLA 
KSBS,
KSBX,KZLC 
KSBY,KZDC 
KSCB,
KSCD,KZTL 
KSCH,KZBW 
KSCK,KZOA 
KSCX,KZID 
KSDC,KZOB 
KSDF,KZID 
KSDL,KZAB 
KSDM,KZLA 
KSDY,KZLC 
KSEA,KZSE 
KSEE,KZLA 
KSEF,KZMA 
KSEG,
KSEM,KZTL 
KSEP,KZFW 
KSER,KZID 
KSEZ,KZAB 
KSFB,KZJX 
KSFF,KZSE 
KSFM,KZBW 
KSFO,KZOA 
KSFQ,KZDC 
KSFZ,KZBW 
KSGF,KZKC 
KSGH,KZID 
KSGJ,KZJX 
KSGR,KZHU 
KSGS,KZMP 
KSGT,KZME 
KSGU,KZLA 
KSHD,KZDC 
KSHL,KZMP 
KSHN,KZSE 
KSHR,KZLC 
KSHV,KZFW 
KSIK,KZME 
KSIV,
KSIY,KZSE 
KSJC,KZOA 
KSJN,KZAB 
KSJT,KZFW 
KSKA,KZSE 
KSKF,KZHU 
KSKX,KZAB 
KSLB,KZMP 
KSLC,KZLC 
KSLE,KZSE 
KSLG,KZME 
KSLH,KZMP 
KSLI,KZLA 
KSLK,KZBW 
KSLN,KZKC 
KSLO,KZKC 
KSLR,KZFW 
KSMD,
KSME,KZID 
KSMF,KZOA 
KSMN,
KSMO,KZLA 
KSMS,KZJX 
KSMX,KZLA 
KSNA,KZLA 
KSNH,KZME 
KSNK,KZFW 
KSNL,KZFW 
KSNS,KZOA 
KSNY,KZDV 
KSOP,KZDC 
KSOW,KZAB 
KSPA,KZTL 
KSPB,KZSE 
KSPF,KZDV 
KSPG,
KSPH,KZFW 
KSPI,KZKC 
KSPS,KZFW 
KSPW,KZMP 
KSPZ,     
KSQI,KZAU 
KSQL,
KSRB,KZME 
KSRC,
KSRE,KZFW 
KSRQ,KZMA 
KSRR,KZAB 
KSSC,KZJX 
KSSF,KZHU 
KSSI,KZJX 
KSSQ,KZMP 
KSTC,KZMP 
KSTE,KZMP 
KSTF,KZME 
KSTJ,KZKC 
KSTK,KZDV 
KSTL,KZKC 
KSTP,KZMP 
KSTS,KZOA 
KSUA,KZMA 
KSUE,KZMP 
KSUN,KZLC 
KSUS,KZKC 
KSUT,KZJX 
KSUU,KZOA 
KSUW,KZMP 
KSUX,KZMP 
KSUZ,KZME 
KSVC,KZAB 
KSVE,KZOA 
KSVH,KZTL 
KSVN,KZJX 
KSWF,KZNY 
KSWI,KZFW 
KSWO,KZKC 
KSWT,KZMP 
KSWW,KZFW 
KSYF,KZDV 
KSYI,KZME 
KSYR,KZBW 
KSYV,
KSZL,KZKC 
KSZP,
KSZY,KZME 
KTAD,KZDV 
KTAZ,KZKC 
KTBN,KZKC 
KTBR,KZJX 
KTCC,KZAB 
KTCL,KZTL 
KTCM,KZSE 
KTCS,KZAB 
KTCY,KZOA 
KTDF,KZDC 
KTDO,
KTDW,KZAB 
KTDZ,KZOB 
KTEB,KZNY 
KTEL,KZID 
KTEX,KZDV 
KTFP,KZHU 
KTGC,KZME 
KTHA,KZME 
KTHM,
KTHP,     
KTHV,KZNY 
KTIK,KZFW 
KTIP,KZAU 
KTIW,KZSE 
KTIX,KZJX 
KTKC,KZMP 
KTKI,KZFW 
KTKV,KZMP 
KTKX,
KTLH,KZJX 
KTLR,
KTMA,KZJX 
KTMB,KZMA 
KTMK,
KTMT,
KTNP,
KTNT,KZMA 
KTNU,KZMP 
KTNX,
KTOA,KZLA 
KTOC,KZTL 
KTOI,KZJX 
KTOL,KZOB 
KTOP,KZKC 
KTOR,KZDV 
KTPA,KZMA 
KTPF,
KTPH,KZLC 
KTPL,
KTQE,KZMP 
KTQH,KZME 
KTQK,KZDV 
KTRI,KZTL 
KTRK,KZOA 
KTRL,KZFW 
KTRM,KZLA 
KTRX,KZKC 
KTSO,KZOB 
KTSP,
KTTA,KZDC 
KTTD,KZSE 
KTTF,KZOB 
KTTN,KZNY 
KTUL,KZKC 
KTUP,KZME 
KTUS,KZAB 
KTVC,KZMP 
KTVF,KZMP 
KTVI,KZJX 
KTVK,KZAU 
KTVL,KZOA 
KTVR,KZME 
KTVY,KZLC 
KTWF,KZLC 
KTWT,KZME 
KTXK,KZFW 
KTXW,KZHU 
KTYL,
KTYQ,KZAU 
KTYR,KZFW 
KTYS,KZTL 
KTZR,KZID 
KTZT,
KTZV,KZME 
KUAO,KZSE 
KUBE,KZMP 
KUBS,KZME 
KUCP,KZOB 
KUCY,KZME 
KUDD,KZLA 
KUDG,KZJX 
KUES,KZAU 
KUGN,KZAU 
KUIL,
KUIN,KZKC 
KUKF,KZTL 
KUKI,KZOA 
KUKL,KZKC 
KUKT,
KULM,KZMP 
KULS,KZKC 
KUMP,KZID 
KUNI,
KUNO,KZME 
KUNU,KZAU 
KUNV,KZNY 
KUOS,
KUOX,KZME 
KUTA,
KUTS,
KUUU,KZBW 
KUUV,KZKC 
KUVA,KZHU 
KUWL,KZID 
KUYF,KZID 
KUZA,
KVAD,KZJX 
KVAY,
KVBG,KZLA 
KVBT,KZME 
KVCB,KZOA 
KVCT,KZHU 
KVCV,KZLA 
KVDF,KZJX 
KVDI,KZJX 
KVEL,KZLC 
KVES,KZID 
KVGC,KZBW 
KVGT,
KVHN,KZAB 
KVIH,KZKC 
KVIS,KZOA 
KVJI,KZTL 
KVKS,KZME 
KVLA,
KVLD,KZJX 
KVMR,KZMP 
KVNC,KZMA 
KVNY,KZLA 
KVOK,KZAU 
KVPC,KZTL 
KVPS,KZJX 
KVPZ,KZAU 
KVQQ,KZJX 
KVRB,KZMA 
KVSF,KZBW 
KVTA,KZID 
KVTI,KZAU 
KVTN,KZDV 
KVUJ,KZTL 
KVYS,KZAU 
KW99,KZDC 
KWAL,KZDC 
KWAY,
KWBW,
KWDG,KZKC 
KWDR,KZTL 
KWEA,
KWHP,
KWJF,KZLA 
KWLD,
KWLW,KZOA 
KWMC,KZLC 
KWRB,KZTL 
KWRI,KZNY 
KWRL,KZLC 
KWST,KZBW 
KWVI,KZOA 
KWVL,KZBW 
KWWD,KZDC 
KWWR,KZKC 
KWYS,KZLC 
KXNA,KZME 
KXNX,KZME 
KXVG,KZMP 
KXWA,KZLC 
KYIP,KZOB 
KYKM,KZSE 
KYKN,KZMP 
KYNG,KZOB 
KZEF,KZTL 
KZER,KZNY 
KZPH,
KZZV,KZID 
LAKU,LAAA 
LATI,LAAA 
LBBG,LBSR 
LBGO,LBSR 
LBIA,
LBPD,LBSR 
LBSF,LBSR 
LBSZ,
LBWN,LBSR 
LCEN,LCCC 
LCGK,LCCC 
LCLK,LCCC 
LCPH,LCCC 
LCRA,LCCC 
LDDU,LDZO 
LDLO,LDZO 
LDOS,LDZO 
LDPL,LDZO 
LDRI,LDZO 
LDSB,LDZO 
LDSP,LDZO 
LDZA,LDZO 
LDZD,LDZO 
LDZU,LDZO 
LEAB,LECM 
LEAL,LECB 
LEAM,LECM 
LEAS,LECM 
LEBA,LECM 
LEBB,LECM 
LEBG,LECM 
LEBL,LECB 
LEBZ,LECM 
LECH,LECB 
LECO,LECM 
LECU,LECM 
LEDA,LECB 
LEGE,LECB 
LEGR,LECM 
LEGT,LECM 
LEHC,LECM 
LEIB,LECB 
LEIZ,LECM 
LEJR,LECM 
LELC,LECB 
LELL,
LELN,LECM 
LEMD,LECM 
LEMG,LECM 
LEMH,LECB 
LEMI,LECM 
LEMO,LECM 
LEPA,LECB 
LEPP,LECM 
LERI,LECB 
LERJ,LECB 
LERL,LECM 
LERS,LECB 
LERT,LECM 
LESA,LECM 
LESO,LECM 
LEST,LECM 
LESU,LECB 
LETL,LECM 
LETO,LECM 
LEVC,LECB 
LEVD,LECM 
LEVT,LECM 
LEVX,LECM 
LEXJ,LECM 
LEZG,LECM 
LEZL,LECM 
LFAB,LFFF 
LFAC,LFFF 
LFAD,
LFAF,
LFAG,
LFAQ,LFFF 
LFAT,LFFF 
LFAV,LFFF 
LFAY,LFFF 
LFBA,LFBB 
LFBC,LFBB 
LFBD,LFBB 
LFBE,LFBB 
LFBF,LFBB 
LFBG,LFBB 
LFBH,LFBB 
LFBI,LFBB 
LFBK,LFBB 
LFBL,LFBB 
LFBM,LFBB 
LFBN,LFBB 
LFBO,LFBB 
LFBP,LFBB 
LFBS,LFBB 
LFBT,LFBB 
LFBU,LFBB 
LFBV,LFBB 
LFBV,LFBB 
LFBX,LFBB 
LFBY,LFBB 
LFBZ,LFBB 
LFCA,
LFCC,LFBB 
LFCE,
LFCH,
LFCI,LFBB 
LFCK,LFBB 
LFCR,LFBB 
LFCY,LFBB 
LFDB,LFBB 
LFDH,LFBB 
LFDI,
LFDM,LFBB 
LFDN,LFBB 
LFDS,
LFEF,LFFF 
LFER,LFRR 
LFEU,
LFEY,LFRR 
LFFV,
LFGA,LFEE 
LFGF,LFEE 
LFGJ,LFEE 
LFGL,
LFGW,
LFGY,
LFHH,
LFHM,
LFHN,
LFHO,LFMM 
LFHP,LFMM 
LFHU,
LFHZ,     
LFJA,
LFJL,LFEE 
LFJR,LFRR 
LFJS,
LFKA,LFMM 
LFKB,LFMM 
LFKC,LFMM 
LFKF,LFMM 
LFKJ,LFMM 
LFKO,LFMM 
LFKS,LFMM 
LFKX,
LFLA,LFEE 
LFLB,LFMM 
LFLC,LFMM 
LFLD,LFFF 
LFLH,LFFF 
LFLI,LFMM 
LFLJ,
LFLL,LFMM 
LFLM,LFMM 
LFLN,LFMM 
LFLO,LFMM 
LFLP,LFMM 
LFLS,LFMM 
LFLU,LFMM 
LFLV,LFMM 
LFLW,LFBB 
LFLX,LFBB 
LFLY,LFMM 
LFMA,LFMM 
LFMC,LFMM 
LFMD,LFMM 
LFMH,LFMM 
LFMI,LFMM 
LFMK,LFBB 
LFML,LFMM 
LFMN,LFMM 
LFMO,LFMM 
LFMP,LFMM 
LFMQ,LFMM 
LFMR,
LFMS,LFMM 
LFMT,LFMM 
LFMU,LFMM 
LFMV,LFMM 
LFNA,LFMM 
LFNB,LFMM 
LFNC,
LFOA,LFFF 
LFOB,LFFF 
LFOC,LFFF 
LFOD,LFFF 
LFOE,LFFF 
LFOF,
LFOH,LFFF 
LFOI,LFFF 
LFOJ,LFFF 
LFOK,LFFF 
LFON,
LFOO,
LFOP,LFFF 
LFOQ,LFFF 
LFOR,
LFOT,LFFF 
LFOU,LFRR 
LFOV,LFRR 
LFOZ,LFRR 
LFPB,LFFF 
LFPC,LFFF 
LFPD,
LFPG,LFFF 
LFPL,
LFPM,LFFF 
LFPN,
LFPO,LFFF 
LFPT,LFFF 
LFPV,LFFF 
LFQB,LFFF 
LFQG,LFFF 
LFQI,LFFF 
LFQJ,LFFF 
LFQL,
LFQN,LFFF 
LFQP,LFEE 
LFQQ,LFFF 
LFQT,LFFF 
LFQV,LFFF 
LFQW,
LFRB,LFRR 
LFRC,LFRR 
LFRD,LFRR 
LFRE,LFRR 
LFRF,
LFRG,LFFF 
LFRH,LFRR 
LFRI,LFRR 
LFRJ,LFFF 
LFRK,LFRR 
LFRM,LFFF 
LFRN,LFRR 
LFRO,LFRR 
LFRQ,LFRR 
LFRS,LFRR 
LFRT,LFRR 
LFRU,LFRR 
LFRV,LFRR 
LFRZ,LFRR 
LFSA,
LFSB,LFEE 
LFSC,LFEE 
LFSD,LFEE 
LFSF,LFEE 
LFSG,LFEE 
LFSJ,LFFF 
LFSL,LFBB 
LFSM,LFEE 
LFSN,LFEE 
LFSO,LFEE 
LFSR,LFFF 
LFST,LFEE 
LFSW,
LFSX,LFEE 
LFTH,LFMM 
LFTW,LFMM 
LFTZ,LFMM 
LFVM,
LFVP,CZQX 
LFXB,LFBB 
LGAD,LGGG 
LGAG,LGGG 
LGAL,LGGG 
LGAV,LGGG 
LGBL,LGGG 
LGEL,LGGG 
LGHI,LGGG 
LGIK,LGGG 
LGIO,LGGG 
LGIR,LGGG 
LGKA,LGGG 
LGKC,LGGG 
LGKF,LGGG 
LGKJ,
LGKL,LGGG 
LGKO,LGGG 
LGKP,LGGG 
LGKR,LGGG 
LGKS,LGGG 
LGKV,LGGG 
LGKY,
LGKZ,LGGG 
LGLE,
LGLM,LGGG 
LGLR,LGGG 
LGMK,LGGG 
LGML,LGGG 
LGMT,LGGG 
LGNX,
LGPA,     
LGPL,
LGPZ,LGGG 
LGRD,LGGG 
LGRP,LGGG 
LGRX,LGGG 
LGSA,LGGG 
LGSK,LGGG 
LGSM,LGGG 
LGSO,
LGSR,LGGG 
LGST,LGGG 
LGSY,LGGG 
LGTL,LGGG 
LGTS,LGGG 
LGZA,LGGG 
LHBP,LHCC 
LHDC,LHCC 
LHKE,LHCC 
LHPA,LHCC 
LHPP,LHCC 
LHPR,LHCC 
LHSM,LHCC 
LHUD,LHCC 
LIAP,
LIBA,LIBB 
LIBC,LIBB 
LIBD,LIBB 
LIBF,LIBB 
LIBG,LIBB 
LIBN,LIBB 
LIBP,LIBB 
LIBR,LIBB 
LIBV,LIBB 
LICA,LIRR 
LICB,LIRR 
LICC,LIRR 
LICD,LMMM 
LICG,LIRR 
LICJ,LIRR 
LICR,LIRR 
LICT,LIRR 
LICZ,LIRR 
LIDB,LIMM 
LIDR,
LIDT,     
LIEA,LIRR 
LIED,LIRR 
LIEE,LIRR 
LIEO,LIRR 
LIER,
LIET,LIRR 
LILN,
LIMC,LIMM 
LIME,LIMM 
LIMF,LIMM 
LIMG,LIMM 
LIMJ,LIMM 
LIML,LIMM 
LIMN,LIMM 
LIMP,LIMM 
LIMS,LIMM 
LIMW,LIMM 
LIMZ,LIMM 
LIPA,LIMM 
LIPB,LIMM 
LIPC,LIMM 
LIPD,LIMM 
LIPE,LIMM 
LIPH,LIMM 
LIPK,LIMM 
LIPL,LIMM 
LIPO,LIMM 
LIPQ,LIMM 
LIPR,LIMM 
LIPT,LIMM 
LIPU,LIMM 
LIPV,LIMM 
LIPX,LIMM 
LIPY,LIMM 
LIPZ,LIMM 
LIQL,LIMM 
LIQN,
LIQS,LIRR 
LIRA,LIRR 
LIRE,LIRR 
LIRF,LIRR 
LIRH,
LIRI,LIRR 
LIRJ,LIRR 
LIRL,LIRR 
LIRM,LIRR 
LIRN,LIRR 
LIRP,LIMM 
LIRQ,LIMM 
LIRS,LIRR 
LIRZ,LIRR 
LJLJ,LJLA 
LJMB,LJLA 
LJPZ,LJLA 
LKCS,LKAA 
LKKR,LKAA 
LKKU,LKAA 
LKKV,LKAA 
LKLN,LKAA 
LKMT,LKAA 
LKOL,
LKPD,LKAA 
LKPO,
LKPR,LKAA 
LKTB,LKAA 
LKVO,LKAA 
LKZA,
LKZL,
LLBG,LLLL 
LLBS,LLLL 
LLER,     
LLET,LLLL 
LLFK,LLLL 
LLHA,LLLL 
LLIB,LLLL 
LLJR,LLLL 
LLMZ,LLLL 
LLOV,LLLL 
LLSD,LLLL 
LMML,LMMM 
LOIH,LOVV 
LOLW,LOVV 
LOWG,LOVV 
LOWI,LOVV 
LOWK,LOVV 
LOWL,LOVV 
LOWS,LOVV 
LOWW,LOVV 
LOWZ,LOVV 
LOXT,LOVV 
LOXZ,LOVV 
LPAR,LPPC 
LPAV,
LPAZ,LPPO 
LPBG,LPPC 
LPBJ,LPPC 
LPBR,LPPC 
LPCH,
LPCO,
LPCR,
LPCS,LPPC 
LPCV,     
LPFL,LPPO 
LPFR,LPPC 
LPGR,LPPO 
LPHR,LPPO 
LPJF,
LPLA,LPPO 
LPMA,LPPC 
LPMR,LPPC 
LPMT,LPPC 
LPPD,LPPO 
LPPI,LPPC 
LPPM,
LPPR,LPPC 
LPPS,LPPC 
LPPT,LPPC 
LPSI,LPPC 
LPSJ,LPPC 
LPTN,LPPC 
LPVR,
LPVZ,
LQBK,LQSB 
LQMO,LQSB 
LQSA,LQSB 
LQTZ,LQSB 
LRAR,LRBB 
LRBC,LRBB 
LRBM,LRBB 
LRBS,LRBB 
LRCK,LRBB 
LRCL,LRBB 
LRCS,LRBB 
LRCT,LRBB 
LRCV,LRBB 
LRCV,LRBB 
LRCV,LRBB 
LRIA,LRBB 
LROD,LRBB 
LROP,LRBB 
LRSB,LRBB 
LRSM,LRBB 
LRSV,LRBB 
LRTC,LRBB 
LRTM,LRBB 
LRTR,LRBB 
LSGC,LSAS 
LSGG,LSAS 
LSGK,LSAS 
LSGN,LSAS 
LSGS,LSAS 
LSMA,LSAS 
LSMD,LSAS 
LSME,LSAS 
LSMF,LSAS 
LSMM,LSAS 
LSMP,LSAS 
LSTS,LSAS 
LSZA,LSAS 
LSZB,LSAS 
LSZC,LSAS 
LSZG,LSAS 
LSZH,LSAS 
LSZL,LSAS 
LSZQ,LSAS 
LSZR,LSAS 
LSZS,LSAS 
LTAB,LTAA 
LTAC,LTAA 
LTAD,LTAA 
LTAE,LTAA 
LTAF,LTAA 
LTAG,LTAA 
LTAH,LTAA 
LTAI,LTAA 
LTAJ,LTAA 
LTAL,LTAA 
LTAN,LTAA 
LTAP,LTAA 
LTAR,LTAA 
LTAS,LTAA 
LTAT,LTAA 
LTAU,LTAA 
LTAV,     
LTAW,LTAA 
LTAY,LTBB 
LTAZ,LTAA 
LTBA,LTBB 
LTBA,LTBB 
LTBA,LTBB 
LTBD,LTBB 
LTBF,LTBB 
LTBG,LTBB 
LTBH,LTBB 
LTBI,LTBB 
LTBJ,LTBB 
LTBL,LTBB 
LTBO,LTBB 
LTBQ,LTBB 
LTBR,LTBB 
LTBS,LTBB 
LTBT,LTBB 
LTBU,LTBB 
LTBV,LTBB 
LTBY,LTBB 
LTBZ,LTBB 
LTCA,LTAA 
LTCB,LTAA 
LTCC,LTAA 
LTCD,LTAA 
LTCE,LTAA 
LTCF,LTAA 
LTCG,LTAA 
LTCH,LTAA 
LTCI,LTAA 
LTCJ,LTAA 
LTCK,LTAA 
LTCL,LTAA 
LTCM,LTAA 
LTCN,LTAA 
LTCO,LTAA 
LTCP,LTAA 
LTCR,LTAA 
LTCS,LTAA 
LTCT,LTAA 
LTCU,LTAA 
LTCV,LTAA 
LTCW,LTAA 
LTCY,LTAA 
LTDA,LTAA 
LTFA,LTBB 
LTFC,LTAA 
LTFD,LTBB 
LTFE,LTBB 
LTFG,LTAA 
LTFH,LTAA 
LTFJ,LTBB 
LTFK,
LTFM,LTBB 
LUBL,LUUU 
LUBM,LUUU 
LUCH,LUUU 
LUKK,LUUU 
LWOH,LWSS 
LWSK,LWSS 
LXGB,LECM 
LY90,LYBA 
LYBE,LYBA 
LYBT,LYBA 
LYDK,LYBA 
LYKV,LYBA 
LYNI,LYBA 
LYPA,
LYPG,LYBA 
LYTV,LYBA 
LYUZ,
LYVR,LYBA 
LZDH,     
LZIB,LZBB 
LZKZ,LZBB 
LZMC,LZBB 
LZPP,LZBB 
LZSL,LZBB 
LZTT,LZBB 
LZZI,LZBB 
MBGT,KZMA 
MBMC,     
MBNC,KZMA 
MBPV,KZMA 
MBSC,KZMA 
MBSY,
MDBH,MDCS 
MDCR,MDCS 
MDCY,MDCS 
MDJB,MDCS 
MDLR,MDCS 
MDPC,MDCS 
MDPP,MDCS 
MDSD,MDCS 
MDST,MDCS 
MGGT,MHCC 
MGMM,MHTG 
MGPB,MHTG 
MGRT,
MGSJ,
MHLC,MHTG 
MHLM,MHTG 
MHNJ,
MHPL,
MHPR,MPZL 
MHRO,MHTG 
MHSC,MHTG 
MHTE,
MHTG,MHTG 
MHTJ,     
MKBS,
MKJP,MKJK 
MKJS,MKJK 
MKKJ,
MKNG,
MKTP,
MMAA,MMFR 
MMAN,MMFR 
MMAS,MMFR 
MMBT,MMFR 
MMCB,MMFR 
MMCC,MMFR 
MMCE,MMFR 
MMCG,
MMCL,MMFR 
MMCM,MMFR 
MMCN,MMFR 
MMCP,MMFR 
MMCS,MMFR 
MMCT,MMFR 
MMCU,MMFR 
MMCV,MMFR 
MMCY,
MMCZ,MMFR 
MMDA,
MMDO,MMFR 
MMEP,MMFR 
MMES,MMFR 
MMGL,MMFR 
MMGM,MMFR 
MMHC,
MMHO,MMFR 
MMIA,MMFR 
MMIO,MMFR 
MMIT,MMFR 
MMJA,
MMJC,
MMLC,
MMLM,MMFR 
MMLO,MMFR 
MMLP,MMFR 
MMLT,MMFR 
MMMA,MMFR 
MMMD,MMFR 
MMML,MMFR 
MMMM,MMFR 
MMMT,MMFR 
MMMV,MMFR 
MMMX,MMFR 
MMMY,MMFR 
MMMZ,MMFR 
MMNG,MMFR 
MMNL,MMFR 
MMOX,MMFR 
MMPA,MMFR 
MMPB,MMFR 
MMPC,
MMPE,
MMPG,MMFR 
MMPN,MMFR 
MMPQ,
MMPR,MMFR 
MMPS,MMFR 
MMQT,MMFR 
MMRX,MMFR 
MMSD,MMFR 
MMSF,
MMSL,MMFR 
MMSP,MMFR 
MMTC,MMFR 
MMTG,MMFR 
MMTJ,MMFR 
MMTM,MMFR 
MMTN,MMFR 
MMTO,MMFR 
MMTP,MMFR 
MMUN,MMFR 
MMVA,MMFR 
MMVR,MMFR 
MMZC,MMFR 
MMZH,MMFR 
MMZM,
MMZO,MMFR 
MNBL,MHTG 
MNCE,MHTG 
MNMG,MHTG 
MNPC,MHTG 
MPBO,MPZL 
MPCE,
MPCH,
MPDA,MPZL 
MPEJ,MPZL 
MPMG,MPZL 
MPPA,MPZL 
MPRH,MPZL 
MPSM,MPZL 
MPTO,MPZL 
MRAO,
MRCC,
MRGF,MHTG 
MRLB,MHTG 
MRLC,
MRLM,MHTG 
MROC,MHTG 
MRPM,
MRPV,
MSLP,MHTG 
MSSS,MHTG 
MTCH,MTEG 
MTPP,MTEG 
MUBA,MUFH 
MUBR,MUFH 
MUBY,MUFH 
MUCA,MUFH 
MUCC,MUFH 
MUCF,MUFH 
MUCL,MUFH 
MUCM,MUFH 
MUCU,MUFH 
MUGM,MUFH 
MUGT,MUFH 
MUHA,MUFH 
MUHG,MUFH 
MUKW,MUFH 
MULM,
MUMO,MUFH 
MUMZ,MUFH 
MUNG,MUFH 
MUPB,MUFH 
MUSC,MUFH 
MUSJ,MUFH 
MUSN,
MUTD,MUFH 
MUVR,MUFH 
MUVT,MUFH 
MWCB,MKJK 
MWCR,MKJK 
MYAB,
MYAF,MYNN 
MYAK,MYNN 
MYAM,MYNN 
MYAN,MYNN 
MYAP,
MYAT,MYNN 
MYBC,MYNN 
MYBG,MYNN 
MYBS,MYNN 
MYCA,MYNN 
MYCB,MYNN 
MYCI,
MYEF,MYNN 
MYEH,MYNN 
MYEM,MYNN 
MYEN,
MYER,MYNN 
MYES,
MYGF,MYNN 
MYGM,MYNN 
MYGW,MYNN 
MYIG,MYNN 
MYLD,MYNN 
MYLS,MYNN 
MYMM,
MYNN,MYNN 
MYRP,
MYSM,MYNN 
MZBZ,MHTG 
NCAI,NZZO 
NCAT,
NCMG,     
NCMH,NZZO 
NCMK,
NCMR,NZZO 
NCPK,
NCPY,
NCRG,NZZO 
NFFN,NFFF 
NFNA,NFFF 
NFNH,NFFF 
NFNL,NFFF 
NFNM,
NFNR,
NFNS,
NFTE,
NFTF,NZZO 
NFTL,NZZO 
NFTO,
NFTP,
NFTV,     
NGFU,
NGMA,NFFF 
NGON,NFFF 
NGTA,NFFF 
NIUE,NZZO 
NLWF,
NLWW,NFFF 
NSAS,
NSFA,NZZO 
NSFQ,
NSMA,NZZO 
NSTU,NZZO 
NTAA,NTTT 
NTAM,
NTAR,NTTT 
NTAT,
NTAV,
NTGA,NTTT 
NTGB,
NTGC,NTTT 
NTGD,
NTGE,
NTGF,
NTGH,
NTGI,
NTGJ,
NTGK,
NTGM,NTTT 
NTGN,NTTT 
NTGO,
NTGP,
NTGQ,
NTGR,
NTGT,
NTGU,
NTGV,
NTGW,
NTGY,
NTHE,
NTKA,
NTKF,
NTKH,
NTKM,
NTKN,
NTKO,
NTKR,
NTKT,
NTMD,
NTMN,
NTMP,
NTMU,
NTTB,NTTT 
NTTE,
NTTG,NTTT 
NTTH,
NTTM,
NTTO,NTTT 
NTTP,
NTTR,
NTTX,NTTT 
NTUV,
NVSS,NFFF 
NVVV,NFFF 
NVVW,
NWWA,
NWWC,
NWWD,
NWWE,NFFF 
NWWK,
NWWL,NFFF 
NWWM,NFFF 
NWWP,
NWWR,NFFF 
NWWU,
NWWV,NFFF 
NWWW,NFFF 
NZAA,NZZC 
NZAP,     
NZAR,
NZAS,
NZCH,NZZC 
NZCI,NZZC 
NZDN,NZZC 
NZGB,
NZGM,
NZGS,
NZGT,
NZHK,
NZHN,NZZC 
NZHS,NZZC 
NZKK,
NZKT,
NZLX,
NZMC,
NZMO,
NZMS,
NZNP,NZZC 
NZNR,NZZC 
NZNS,NZZC 
NZNV,NZZC 
NZOH,NZZC 
NZOU,
NZPM,NZZC 
NZPP,
NZQN,NZZC 
NZRO,NZZC 
NZTG,     
NZTK,
NZTO,
NZTU,
NZWB,
NZWF,
NZWK,NZZC 
NZWN,NZZC 
NZWO,
NZWP,NZZC 
NZWR,
NZWS,
NZWU,
OABN,
OABT,
OACC,
OADY,OAKX 
OAFR,
OAFZ,
OAHR,OAKX 
OAIX,OAKX 
OAJL,OAKX 
OAKB,OAKX 
OAKN,OAKX 
OAMN,
OAMS,OAKX 
OAQN,
OASA,
OASD,
OASH,
OASL,
OATN,
OAUZ,
OAZI,OAKX 
OAZJ,
OBBI,OBBB 
OBBS,OBBB 
OBKH,OBBB 
OEAB,OEJD 
OEAD,OBBB 
OEAH,OBBB 
OEAO,OEJD 
OEBA,OEJD 
OEBH,OEJD 
OEBN,OBBB 
OEBT,OEJD 
OEDF,OBBB 
OEDM,OEJD 
OEDR,OBBB 
OEGN,OEJD 
OEGS,OEJD 
OEGT,OEJD 
OEHL,OEJD 
OEHR,OEJD 
OEHW,OEJD 
OEJB,OBBB 
OEJN,OEJD 
OEKA,OEJD 
OEKK,OEJD 
OEKM,OEJD 
OEMA,OEJD 
OENG,OEJD 
OENN,OEJD 
OEOM,OEJD 
OEPA,OEJD 
OEPC,OEJD 
OEPF,OEJD 
OEPI,OEJD 
OEPJ,OEJD 
OEPS,OEJD 
OERF,OEJD 
OERK,OEJD 
OERM,OEJD 
OERR,OEJD 
OERT,OBBB 
OERY,OEJD 
OESB,OBBB 
OESH,OEJD 
OESK,OEJD 
OESL,OEJD 
OEST,OEJD 
OETB,OEJD 
OETF,OEJD 
OETN,OEJD 
OETR,OEJD 
OEWD,OEJD 
OEWJ,OEJD 
OEYN,OEJD 
OIAA,OIIX 
OIAD,OIIX 
OIAG,OIIX 
OIAH,
OIAI,
OIAJ,
OIAM,OIIX 
OIAW,OIIX 
OIBA,OIIX 
OIBB,OIIX 
OIBH,
OIBI,OIIX 
OIBJ,OIIX 
OIBK,OIIX 
OIBL,OIIX 
OIBP,OIIX 
OIBQ,OIIX 
OIBS,OIIX 
OIBV,OIIX 
OICC,OIIX 
OICI,OIIX 
OICK,OIIX 
OICS,OIIX 
OIFE,OIIX 
OIFM,OIIX 
OIFP,OIIX 
OIFS,OIIX 
OIGG,OIIX 
OIHH,OIIX 
OIHR,OIIX 
OIHS,
OIIE,OIIX 
OIII,OIIX 
OIIK,
OIIP,OIIX 
OIIS,OIIX 
OIKB,OIIX 
OIKJ,
OIKK,OIIX 
OIKM,OIIX 
OIKP,
OIKQ,OIIX 
OIKR,OIIX 
OIKY,
OIMB,OIIX 
OIMC,OIIX 
OIMJ,     
OIMM,OIIX 
OIMN,OIIX 
OIMS,OIIX 
OIMT,OIIX 
OINE,OIIX 
OING,OIIX 
OINN,
OINR,OIIX 
OINZ,OIIX 
OISF,
OISJ,
OISL,OIIX 
OISR,OIIX 
OISS,OIIX 
OISY,OIIX 
OITK,OIIX 
OITL,OIIX 
OITM,
OITP,OIIX 
OITR,OIIX 
OITT,OIIX 
OITU,OIIX 
OITZ,OIIX 
OIYY,OIIX 
OIZB,OIIX 
OIZC,OIIX 
OIZH,OIIX 
OIZI,OIIX 
OIZS,OIIX 
OJ40,OJAC 
OJAI,OJAC 
OJAM,OJAC 
OJAQ,OJAC 
OJHF,OJAC 
OJMF,OJAC 
OJMS,OJAC 
OKAS,OKAC 
OKBK,OKAC 
OKKK,OKAC 
OLBA,OLBB 
OLKA,
OMAA,OMAE 
OMAD,OMAE 
OMAJ,OMAE 
OMAL,OMAE 
OMAM,OMAE 
OMBY,
OMDB,OMAE 
OMDL,
OMDM,OMAE 
OMDW,OMAE 
OMFJ,OMAE 
OMRK,OMAE 
OMSJ,OMAE 
OODQ,OOMM 
OOFD,OOMM 
OOGB,OOMM 
OOJA,
OOKB,OOMM 
OOMA,OOMM 
OOMK,
OOMS,OOMM 
OOMX,OOMM 
OOSA,OOMM 
OOSH,OOMM 
OOTH,OOMM 
OPBN,OPLR 
OPBW,OPKR 
OPCH,OPLR 
OPDB,OPKR 
OPDG,
OPDI,OPLR 
OPFA,OPLR 
OPGD,OPKR 
OPGT,OPLR 
OPIS,OPLR 
OPIS,OPLR 
OPJA,OPKR 
OPJI,OPKR 
OPKC,OPKR 
OPKD,OPKR 
OPKH,
OPKT,OPKR 
OPKW,
OPLA,OPLR 
OPMF,
OPMH,OPLR 
OPMI,OPLR 
OPMJ,OPKR 
OPMT,OPLR 
OPNH,OPKR 
OPOR,OPKR 
OPPC,
OPPG,OPKR 
OPPI,OPKR 
OPPS,OPLR 
OPQT,OPLR 
OPRK,OPKR 
OPRN,OPLR 
OPRN,OPLR 
OPRT,
OPSB,OPKR 
OPSD,OPLR 
OPSF,OPKR 
OPSK,OPKR 
OPSR,OPLR 
OPSS,OPLR 
OPST,OPLR 
OPSU,
OPSW,
OPTU,OPKR 
OPZB,
ORAA,ORBB 
ORAT,
ORBD,ORBB 
ORBI,ORBB 
ORBM,ORBB 
ORER,ORBB 
ORKK,ORBB 
ORMM,ORBB 
ORNI,ORBB 
ORQW,ORBB 
ORSH,ORBB 
ORSU,ORBB 
ORTI,ORBB 
ORTL,ORBB 
OSAP,OSTT 
OSDI,OSTT 
OSDZ,OSTT 
OSKL,OSTT 
OSLK,OSTT 
OSPR,OSTT 
OTBD,OBBB 
OTBD,OBBB 
OTBH,OBBB 
OTHH,OBBB 
OTHH,OBBB 
OYAA,OYSC 
OYAM,OYSC 
OYAT,
OYBN,
OYGD,OYSC 
OYHD,OYSC 
OYRN,OYSC 
OYSN,OYSC 
OYSQ,
OYSY,OYSC 
OYTZ,OYSC 
PAAK,
PAAQ,PAZA 
PAAT,
PABA,PAZA 
PABE,PAZA 
PABG,
PABI,PAZA 
PABL,
PABM,
PABR,PAZA 
PABT,PAZA 
PACD,PAZA 
PACE,
PACH,
PACI,
PACK,
PACM,
PACR,
PACV,PAZA 
PACX,
PACZ,
PADE,
PADG,
PADK,PAZA 
PADL,PAZA 
PADM,
PADQ,PAZA 
PADU,PAZA 
PADY,
PAED,PAZA 
PAEE,
PAEG,
PAEH,
PAEI,PAZA 
PAEM,PAZA 
PAEN,PAZA 
PAEW,
PAFA,PAZA 
PAFB,PAZA 
PAFE,
PAFM,PAZA 
PAFR,
PAFS,
PAGA,PAZA 
PAGB,
PAGG,
PAGH,
PAGK,PAZA 
PAGL,
PAGM,PAZA 
PAGQ,
PAGS,PAZA 
PAGT,
PAGX,
PAGY,PAZA 
PAGZ,
PAHC,
PAHL,
PAHN,PAZA 
PAHO,PAZA 
PAHP,PAZA 
PAHT,PAZA 
PAHU,
PAHX,
PAIG,
PAII,PAZA 
PAIK,
PAIL,PAZA 
PAIM,
PAIW,
PAJC,
PAJN,PAZA 
PAJZ,
PAKF,
PAKH,
PAKK,PAZA 
PAKL,
PAKN,PAZA 
PAKO,
PAKP,PAZA 
PAKT,PAZA 
PAKU,
PAKV,
PAKW,PAZA 
PAKY,
PALG,
PALR,
PALU,PAZA 
PAMB,
PAMC,PAZA 
PAMD,PAZA 
PAMH,PAZA 
PAMK,
PAML,
PAMO,PAZA 
PAMR,PAZA 
PAMY,
PANA,
PANC,PAZA 
PANI,PAZA 
PANN,PAZA 
PANT,PAZA 
PANU,
PANV,PAZA 
PANW,
PAOB,
PAOH,
PAOM,PAZA 
PAOO,
PAOR,PAZA 
PAOT,PAZA 
PAOU,
PAPB,PAZA 
PAPC,
PAPE,
PAPG,PAZA 
PAPH,PAZA 
PAPK,
PAPM,PAZA 
PAPN,
PAPO,PAZA 
PAPR,
PAQH,
PAQT,
PARC,
PARS,
PARY,
PASA,PAZA 
PASC,PAZA 
PASD,PAZA 
PASH,PAZA 
PASI,PAZA 
PASK,PAZA 
PASL,
PASM,PAZA 
PASN,PAZA 
PASO,
PASP,
PAST,
PASV,
PASW,
PASX,PAZA 
PASY,PAZA 
PATA,PAZA 
PATC,
PATE,
PATG,PAZA 
PATK,PAZA 
PATL,
PATQ,
PAUK,
PAUM,PAZA 
PAUN,PAZA 
PAUO,
PAVA,
PAVC,
PAVD,PAZA 
PAVE,
PAVL,
PAWB,
PAWD,
PAWG,PAZA 
PAWI,PAZA 
PAWM,
PAWN,PAZA 
PAWS,
PAYA,PAZA 
PCHP,
PCIS,KZAK 
PCJX,     
PFAK,
PFCL,
PFEL,
PFKO,
PFKT,
PFKU,
PFKW,
PFNO,
PFSH,
PFWS,
PFYU,PAZA 
PGNU,
PGRO,KZAK 
PGS ,KZAK 
PGSN,KZAK 
PGUA,KZAK 
PGUM,KZAK 
PGWT,KZAK 
PHBK,PHZH 
PHDH,PHZH 
PHHI,PHZH 
PHHN,
PHIK,PHZH 
PHJH,
PHJR,KZAK 
PHKO,PHZH 
PHLI,PHZH 
PHLU,
PHMK,
PHMU,PHZH 
PHNG,PHZH 
PHNL,PHZH 
PHNY,PHZH 
PHOG,PHZH 
PHPA,
PHSF,
PHTO,PHZH 
PHUP,
PKEB,
PKEK,
PKMA,
PKMJ,KZAK 
PKWA,KZAK 
PLCH,KZAK 
PMDY,KZAK 
PPCT,
PPIZ,PAZA 
PRDV,
PRMP,PAZA 
PSRV,
PSVS,
PTKK,KZAK 
PTLT,     
PTPN,KZAK 
PTRO,KZAK 
PTSA,KZAK 
PTYA,KZAK 
PWAK,KZAK 
PWBB,
PWSM,PAZA 
RCBS,RCAA 
RCDC,RCAA 
RCFG,ZSHA 
RCFN,RCAA 
RCGI,
RCKH,RCAA 
RCKU,RCAA 
RCKW,
RCLG,RCAA 
RCLY,
RCMQ,RCAA 
RCMT,RCAA 
RCNN,RCAA 
RCPO,RCAA 
RCQC,RCAA 
RCSQ,
RCSS,RCAA 
RCTP,RCAA 
RCYU,RCAA 
RJAA,RJJJ 
RJAF,RJJJ 
RJAH,
RJAN,RJJJ 
RJAW,RJJJ 
RJBB,RJJJ 
RJBD,RJJJ 
RJBE,RJJJ 
RJBH,RJJJ 
RJBT,RJJJ 
RJCB,RJJJ 
RJCC,RJJJ 
RJCH,RJJJ 
RJCJ,RJJJ 
RJCK,RJJJ 
RJCM,RJJJ 
RJCN,RJJJ 
RJCO,RJJJ 
RJCR,RJJJ 
RJCW,RJJJ 
RJDA,
RJDB,RJJJ 
RJDC,RJJJ 
RJDT,RJJJ 
RJDU,RJJJ 
RJEB,RJJJ 
RJEC,RJJJ 
RJEO,RJJJ 
RJER,RJJJ 
RJFC,RJJJ 
RJFE,RJJJ 
RJFF,RJJJ 
RJFG,RJJJ 
RJFK,RJJJ 
RJFM,RJJJ 
RJFO,RJJJ 
RJFR,RJJJ 
RJFS,RJJJ 
RJFT,RJJJ 
RJFU,RJJJ 
RJGG,RJJJ 
RJKA,RJJJ 
RJKB,RJJJ 
RJKI,RJJJ 
RJKN,RJJJ 
RJNA,RJJJ 
RJNF,RJJJ 
RJNG,RJJJ 
RJNK,RJJJ 
RJNO,RJJJ 
RJNS,RJJJ 
RJNT,RJJJ 
RJNW,RJJJ 
RJOA,RJJJ 
RJOB,RJJJ 
RJOC,RJJJ 
RJOE,RJJJ 
RJOH,RJJJ 
RJOI,RJJJ 
RJOK,RJJJ 
RJOM,RJJJ 
RJOO,RJJJ 
RJOR,RJJJ 
RJOS,RJJJ 
RJOT,RJJJ 
RJOW,RJJJ 
RJSA,RJJJ 
RJSC,RJJJ 
RJSD,RJJJ 
RJSF,RJJJ 
RJSH,RJJJ 
RJSI,RJJJ 
RJSK,RJJJ 
RJSM,RJJJ 
RJSN,RJJJ 
RJSO,RJJJ 
RJSR,RJJJ 
RJSS,RJJJ 
RJSY,RJJJ 
RJTA,RJJJ 
RJTC,RJJJ 
RJTE,RJJJ 
RJTF,RJJJ 
RJTH,RJJJ 
RJTL,RJJJ 
RJTO,RJJJ 
RJTQ,RJJJ 
RJTR,RJJJ 
RJTT,RJJJ 
RJTU,RJJJ 
RJTY,RJJJ 
RKJB,RKRR 
RKJJ,RKRR 
RKJK,RKRR 
RKJU,
RKJY,RKRR 
RKND,RKRR 
RKNN,RKRR 
RKNW,RKRR 
RKNY,RKRR 
RKPC,RKRR 
RKPD,RKRR 
RKPK,RKRR 
RKPS,RKRR 
RKPU,RKRR 
RKSI,RKRR 
RKSM,RKRR 
RKSO,RKRR 
RKSS,RKRR 
RKSW,RKRR 
RKTH,RKRR 
RKTL,RKRR 
RKTN,RKRR 
RKTU,RKRR 
RKTY,RKRR 
ROAH,RJJJ 
RODN,RJJJ 
ROIG,RJJJ 
ROKJ,RJJJ 
ROMD,RJJJ 
ROMY,RJJJ 
RORA,RJJJ 
RORE,RJJJ 
RORH,RJJJ 
RORK,RJJJ 
RORS,RJJJ 
RORT,RJJJ 
RORY,RJJJ 
ROYN,RJJJ 
RPLB,RPHI 
RPLC,RPHI 
RPLI,RPHI 
RPLL,RPHI 
RPLP,RPHI 
RPLU,
RPMA,RPHI 
RPMB,RPHI 
RPMC,RPHI 
RPMD,RPHI 
RPME,RPHI 
RPMF,
RPMG,RPHI 
RPMH,
RPMI,RPHI 
RPMJ,RPHI 
RPML,RPHI 
RPMM,RPHI 
RPMN,
RPMO,RPHI 
RPMP,RPHI 
RPMQ,
RPMR,RPHI 
RPMS,
RPMU,
RPMW,
RPMY,
RPMZ,RPHI 
RPSP,RPHI 
RPUB,RPHI 
RPUD,
RPUH,RPHI 
RPUM,
RPUN,RPHI 
RPUO,RPHI 
RPUR,
RPUS,RPHI 
RPUT,RPHI 
RPUV,RPHI 
RPUW,RPHI 
RPUY,RPHI 
RPVA,RPHI 
RPVB,RPHI 
RPVC,
RPVD,RPHI 
RPVE,
RPVF,RPHI 
RPVI,RPHI 
RPVJ,RPHI 
RPVK,RPHI 
RPVM,RPHI 
RPVO,
RPVP,RPHI 
RPVR,RPHI 
RPVS,
RPVT,RPHI 
RPVU,
RPVV,
SAAC,SAEF 
SAAG,SAEF 
SAAJ,
SAAP,SAEF 
SAAR,SAEF 
SAAV,SAEF 
SABE,SAEF 
SACO,SACF 
SADF,SAEF 
SADJ,SAEF 
SADL,SAEF 
SADP,     
SAEM,
SAEZ,SAEF 
SAHZ,
SAME,SAMF 
SAMM,SAMF 
SAMR,
SANC,SACF 
SANE,SACF 
SANL,SACF 
SANR,
SANT,SACF 
SANU,SAMF 
SAOC,SACF 
SAOR,
SAOS,
SAOU,SAMF 
SARC,SARR 
SARE,SARR 
SARF,SARR 
SARI,SARR 
SARL,SARR 
SARP,SARR 
SASA,SACF 
SASJ,SACF 
SASO,SACF 
SATG,SARR 
SATR,SARR 
SATU,SARR 
SAVC,SAEF 
SAVE,SAEF 
SAVT,SAVF 
SAVV,SAVF 
SAVY,SAVF 
SAWB,SCCZ 
SAWC,SAEF 
SAWD,SAVF 
SAWE,SAVF 
SAWG,SAVF 
SAWH,SAVF 
SAWJ,SAVF 
SAWR,SAVF 
SAWU,SAVF 
SAZB,SAEF 
SAZG,SAEF 
SAZH,
SAZM,SAEF 
SAZN,SAEF 
SAZR,SAEF 
SAZS,SAEF 
SAZT,SAEF 
SAZV,
SAZY,SAEF 
SBAA,SBAZ 
SBAE,SBRE 
SBAN,SBBS 
SBAQ,     
SBAR,SBRE 
SBAT,SBAZ 
SBAU,SBCW 
SBAX,SBBS 
SBBE,SBAZ 
SBBG,
SBBH,SBBS 
SBBI,
SBBP,
SBBQ,
SBBR,SBBS 
SBBU,SBCW 
SBBV,SBAZ 
SBBW,SBBS 
SBBZ,     
SBCA,SBCW 
SBCB,SBCW 
SBCC,
SBCD,
SBCF,SBBS 
SBCG,SBCW 
SBCH,SBCW 
SBCI,SBAZ 
SBCJ,SBAZ 
SBCM,SBCW 
SBCN,SBBS 
SBCO,SBCW 
SBCP,SBBS 
SBCR,SBCW 
SBCT,SBCW 
SBCX,SBCW 
SBCY,SBBS 
SBCZ,SBAZ 
SBDB,SBCW 
SBDN,SBCW 
SBDO,     
SBEG,SBAZ 
SBEK,SBAZ 
SBFE,     
SBFI,SBCW 
SBFL,SBCW 
SBFN,SBRE 
SBFZ,SBRE 
SBGL,SBBS 
SBGM,SBAZ 
SBGO,SBBS 
SBGP,     
SBGR,SBBS 
SBGU,SBCW 
SBGV,SBBS 
SBGW,SBBS 
SBHT,SBAZ 
SBIC,SBAZ 
SBIH,SBAZ 
SBIL,SBRE 
SBIP,SBBS 
SBIT,     
SBIZ,SBAZ 
SBJA,     
SBJC,SBAZ 
SBJD,
SBJE,SBRE 
SBJF,SBBS 
SBJI,SBAZ 
SBJP,SBRE 
SBJU,SBRE 
SBJV,SBCW 
SBKG,SBRE 
SBKP,SBBS 
SBLE,SBRE 
SBLJ,SBCW 
SBLN,SBCW 
SBLO,SBCW 
SBLP,SBRE 
SBLS,SBBS 
SBMA,SBAZ 
SBMD,
SBME,SBBS 
SBMG,SBAZ 
SBMK,SBBS 
SBML,SBCW 
SBMN,SBAZ 
SBMO,SBRE 
SBMQ,SBAZ 
SBMS,     
SBMY,SBAZ 
SBNF,SBCW 
SBNM,     
SBNT,SBRE 
SBOI,SBAZ 
SBPA,SBCW 
SBPB,SBRE 
SBPC,SBBS 
SBPF,SBCW 
SBPJ,SBBS 
SBPK,SBCW 
SBPL,SBRE 
SBPN,
SBPO,SBCW 
SBPP,SBCW 
SBPR,SBBS 
SBPS,SBRE 
SBPV,SBAZ 
SBQV,SBRE 
SBRB,SBAZ 
SBRD,     
SBRF,SBRE 
SBRJ,SBBS 
SBRP,SBBS 
SBSC,SBBS 
SBSG,SBRE 
SBSI,SBAZ 
SBSJ,SBBS 
SBSL,SBAZ 
SBSM,SBCW 
SBSN,SBAZ 
SBSO,     
SBSP,SBBS 
SBSR,SBBS 
SBST,SBBS 
SBSV,SBRE 
SBTA,
SBTB,SBAZ 
SBTC,SBRE 
SBTD,
SBTE,SBRE 
SBTF,SBAZ 
SBTG,SBCW 
SBTK,
SBTR,     
SBTS,
SBTT,SBAZ 
SBTU,SBAZ 
SBUA,SBAZ 
SBUF,SBRE 
SBUG,SBCW 
SBUL,SBBS 
SBUP,SBCW 
SBUR,SBBS 
SBUY,SBAZ 
SBVG,SBBS 
SBVH,SBAZ 
SBVT,SBBS 
SBYS,SBBS 
SBZM,SBCW 
SCAR,SCFZ 
SCAS,SCTZ 
SCAT,
SCBA,SCTZ 
SCBE,
SCCC,
SCCF,SCFZ 
SCCH,SCEZ 
SCCI,SCCZ 
SCCY,
SCDA,SCFZ 
SCEL,SCEZ 
SCES,SCFZ 
SCFA,SCFZ 
SCFM,
SCFT,
SCGC,SCCZ 
SCGE,SCEZ 
SCGZ,SCCZ 
SCHA,SCFZ 
SCHR,
SCIA,SCTZ 
SCIE,SCEZ 
SCIP,SCIZ 
SCJO,SCTZ 
SCLL,
SCNT,SCCZ 
SCPC,SCTZ 
SCPQ,
SCQP,SCTZ 
SCRA,SCFZ 
SCRG,
SCRM,
SCSB,
SCSE,SCEZ 
SCTC,SCTZ 
SCTE,SCTZ 
SCTL,
SCTO,
SCTT,SCFZ 
SCVD,SCTZ 
SCVM,
SDAM,SBBS 
SDCG,SBAZ 
SDCO,
SDDN,SBCW 
SDJL,
SDNY,
SDOU,
SDRS,SBBS 
SDSC,SBBS 
SDVG,
SEAM,
SECA,
SECO,SEGU 
SECU,SEGU 
SEGM,SEFG 
SEGS,SEGU 
SEGU,SEGU 
SEII,
SEJD,SEGU 
SELT,SEGU 
SEMA,     
SEMC,SEGU 
SEMH,SEGU 
SEMT,SEGU 
SENL,SEGU 
SEPV,SEGU 
SEQM,SEGU 
SERO,SEGU 
SESA,SEGU 
SESM,SEGU 
SEST,SEGU 
SESV,SEGU 
SETE,
SETN,SEGU 
SETR,SEGU 
SETU,SEGU 
SFAL,
SGAS,SGFA 
SGAY,
SGCO,
SGEN,
SGES,SGFA 
SGIB,SGFA 
SGME,
SGPI,
SGPJ,SGFA 
SIMK,     
SJVO,
SKAP,
SKAR,SKED 
SKAS,SKED 
SKBC,
SKBG,SKED 
SKBO,SKED 
SKBQ,SKEC 
SKBS,SKED 
SKBU,SKED 
SKCC,SKED 
SKCD,
SKCG,SKEC 
SKCL,SKED 
SKCM,
SKCN,
SKCO,SKED 
SKCU,
SKCV,
SKCZ,SKEC 
SKEB,SKED 
SKEJ,SKED 
SKFL,SKED 
SKGI,SKED 
SKGO,SKED 
SKGP,SKED 
SKHA,
SKHC,
SKIB,SKED 
SKIG,
SKIP,SKED 
SKLC,SKED 
SKLG,
SKLM,SKEC 
SKLT,SKED 
SKMD,SKED 
SKMG,SKEC 
SKMJ,
SKML,
SKMO,SKED 
SKMP,
SKMR,SKEC 
SKMU,SKED 
SKMZ,SKED 
SKNQ,
SKNV,SKED 
SKOC,
SKOT,
SKPC,SKED 
SKPD,
SKPE,SKED 
SKPI,SKED 
SKPP,SKEC 
SKPQ,
SKPR,SKED 
SKPS,SKED 
SKPV,
SKPZ,
SKQU,SKED 
SKRG,SKEC 
SKRH,SKEC 
SKSA,SKED 
SKSJ,SKED 
SKSM,SKEC 
SKSO,
SKSP,MPZL 
SKSR,SKEC 
SKSV,SKED 
SKTB,
SKTL,
SKTM,SKED 
SKTQ,
SKTU,
SKUC,SKED 
SKUI,SKED 
SKUL,SKED 
SKUR,
SKVG,
SKVP,SKEC 
SKVV,SKED 
SKYP,SKED 
SLAG,
SLAL,SLLF 
SLAP,
SLAS,
SLBJ,
SLCA,
SLCB,SLLF 
SLCO,SLLF 
SLCP,
SLET,SLLF 
SLGM,SLLF 
SLJE,
SLJO,
SLJV,
SLLP,SLLF 
SLMG,
SLOR,
SLPO,SLLF 
SLPS,SLLF 
SLRA,
SLRB,
SLRI,SLLF 
SLRQ,
SLRY,
SLSA,
SLSB,
SLSI,
SLSM,
SLSR,
SLSU,SLLF 
SLTI,
SLTJ,SLLF 
SLTR,SLLF 
SLUY,SLLF 
SLVG,
SLVM,
SLVR,SLLF 
SLYA,SLLF 
SMJP,SMPM 
SMNI,
SMZO,
SNAX,
SNBA,     
SNBR,SBRE 
SNDC,
SNDN,SBBS 
SNDT,SBBS 
SNDV,SBBS 
SNFX,SBAZ 
SNGV,SBBS 
SNJN,
SNJR,SBCW 
SNMA,SBAZ 
SNOS,
SNPD,SBBS 
SNQG,SBRE 
SNRD,
SNRU,SBRE 
SNTF,
SNVS,
SNZA,SBBS 
SOCA,SOOO 
SOOA,
SOOG,
SOOM,SOOO 
SOOR,
SOOS,SOOO 
SPAS,
SPCL,SPIM 
SPDR,
SPEO,SPIM 
SPGM,
SPHI,SPIM 
SPHO,SPIM 
SPHY,
SPHZ,SPIM 
SPIM,SPIM 
SPJA,
SPJC,SPIM 
SPJE,SPIM 
SPJI,
SPJJ,SPIM 
SPJL,SPIM 
SPJN,SPIM 
SPJR,SPIM 
SPLO,SPIM 
SPME,SPIM 
SPMF,
SPMS,SPIM 
SPNC,
SPPY,
SPQT,SPIM 
SPQU,SPIM 
SPRU,SPIM 
SPSO,SPIM 
SPST,SPIM 
SPTN,SPIM 
SPTU,SPIM 
SPUR,SPIM 
SPWT,
SPYL,SPIM 
SPZA,
SPZO,SPIM 
SSBL,
SSER,SBCW 
SSFB,
SSGG,SBCW 
SSIJ,
SSJA,
SSKW,SBAZ 
SSOG,
SSPB,SBCW 
SSPG,     
SSPI,SBCW 
SSSB,SBCW 
SSTL,SBCW 
SSUM,SBCW 
SUAA,SUEO 
SUAG,SUEO 
SUCA,SUEO 
SUDU,SUEO 
SULS,SUEO 
SUMO,SUEO 
SUMU,SUEO 
SUPE,SUEO 
SUPU,SUEO 
SURV,SBCW 
SUSO,SUEO 
SUTB,SUEO 
SUTR,
SVAC,SVZM 
SVAN,SVZM 
SVBC,SVZM 
SVBI,SVZM 
SVBL,SVZM 
SVBM,SVZM 
SVBS,SVZM 
SVCB,SVZM 
SVCL,
SVCN,SVZM 
SVCO,
SVCP,SVZM 
SVCR,SVZM 
SVCS,SVZM 
SVCU,SVZM 
SVGD,
SVGI,SVZM 
SVGU,SVZM 
SVHG,SVZM 
SVJC,SVZM 
SVLF,SVZM 
SVMC,SVZM 
SVMD,SVZM 
SVMG,SVZM 
SVMI,SVZM 
SVMT,SVZM 
SVON,
SVPA,SVZM 
SVPC,SVZM 
SVPE,
SVPR,SVZM 
SVSA,SVZM 
SVSB,
SVSE,
SVSO,SVZM 
SVSP,SVZM 
SVSR,SVZM 
SVST,SVZM 
SVSZ,SVZM 
SVTC,
SVTM,
SVVA,SVZM 
SVVG,SVZM 
SVVL,SVZM 
SVVP,SVZM 
SWBC,SBAZ 
SWBI,
SWBR,
SWCA,SBAZ 
SWEI,SBAZ 
SWGI,
SWGN,SBAZ 
SWHT,SBAZ 
SWIQ,SBBS 
SWKC,SBBS 
SWKO,SBAZ 
SWLB,SBAZ 
SWLC,SBBS 
SWNA,
SWOB,SBAZ 
SWPI,SBAZ 
SWQX,SBBS 
SWRD,SBBS 
SWSI,SBAZ 
SWTP,SBAZ 
SWXQ,SBCW 
SYCJ,SYGC 
SYEC,
SYLT,
TAPA,TTZP 
TBPB,TTZP 
TDCF,
TDPD,TTZP 
TFFA,
TFFB,
TFFC,
TFFF,TTZP 
TFFG,TTZP 
TFFJ,TTZP 
TFFM,
TFFR,TTZP 
TFFS,
TGPY,TTZP 
TIST,TJZS 
TISX,TJZS 
TJAB,
TJBQ,TJZS 
TJCP,
TJIG,TJZS 
TJMZ,TJZS 
TJPS,TJZS 
TJSJ,TJZS 
TJVQ,
TKPK,TTZP 
TKPN,TTZP 
TLPC,TTZP 
TLPL,TTZP 
TNCA,TNCF 
TNCB,TNCF 
TNCC,TNCF 
TNCE,
TNCM,TNCF 
TQPF,TJZS 
TRPG,
TTCP,TTZP 
TTPP,TTZP 
TUPA,
TUPJ,TJZS 
TUPW,
TVSA,TTZP 
TVSB,TTZP 
TVSC,TTZP 
TVSM,
TVSV,TTZP 
TXKF,TXKF 
UAAA,UAAA 
UAAH,UAAA 
UAAT,UAAA 
UACC,UACC 
UACC,UACC 
UACC,UACC 
UACK,UACC 
UACP,UACC 
UADD,UAAA 
UAII,UAII 
UAIT,UAII 
UAKD,UACC 
UAKK,UACC 
UAOL,UAFO 
UAON,UAII 
UAOO,UAFO 
UARR,UATT 
UASK,UACC 
UASP,UACC 
UASS,UAAA 
UASU,
UASZ,
UATE,UATT 
UATG,UATT 
UATT,UATT 
UAUU,UACC 
UBBB,UBBA 
UBBG,UBBA 
UBBL,UBBA 
UBBN,UDDD 
UBBQ,UBBA 
UBBY,UBBA 
UCFL,UAFM 
UCFM,UCFM 
UCFO,UCFO 
UDSG,UDDD 
UDYE,UDDD 
UDYZ,UDDD 
UEBB,
UECT,UIII 
UEEA,
UEEE,UEEE 
UELL,UELL 
UEMH,
UEMO,
UEMU,
UERL,
UERO,
UERP,UERR 
UERR,UERR 
UESO,UEEE 
UESS,
UEST,UEST 
UESU,
UEVV,
UGKO,UGGG 
UGSB,UGGG 
UGSS,UGGG 
UGTB,UGGG 
UHBB,UHHH 
UHHH,UHHH 
UHKD,UHHH 
UHKG,UHHH 
UHKK,UHHH 
UHKM,UHHH 
UHMA,UHMA 
UHMD,UHMA 
UHMK,
UHMM,UHMM 
UHMP,UHMP 
UHNN,UHHH 
UHPP,UHPP 
UHSH,
UHSI,UHHH 
UHSK,
UHSM,
UHSS,UHHH 
UHWW,UHHH 
UIAA,UIAA 
UIBB,UIII 
UIII,UIII 
UITT,UIII 
UIUU,UIII 
UKBB,UKBV 
UKCC,UKDV 
UKCM,UKDV 
UKCS,
UKCW,UKDV 
UKDB,     
UKDD,UKDV 
UKDE,UKDV 
UKDR,UKDV 
UKFB,UKFV 
UKFF,UKFV 
UKFK,
UKFW,UKFV 
UKHD,UKDV 
UKHH,UKDV 
UKHK,     
UKHP,UKDV 
UKHS,UKDV 
UKKE,UKBV 
UKKG,UKBV 
UKKK,UKBV 
UKKM,UKBV 
UKKO,UKBV 
UKKV,
UKLH,UKLV 
UKLI,UKLV 
UKLL,UKLV 
UKLN,UKLV 
UKLR,UKLV 
UKLT,UKLV 
UKLU,UKLV 
UKOH,UKOV 
UKOM,UKOV 
UKON,UKOV 
UKOO,UKOV 
UKWW,UKBV 
ULAA,ULAA 
ULAM,ULAA 
ULAS,ULAA 
ULKK,ULKK 
ULLI,ULLL 
ULMK,     
ULMM,ULMM 
ULOO,ULOL 
ULPB,ULLL 
ULWC,ULWW 
ULWW,
UMBB,UMMV 
UMGG,UMMV 
UMII,UMMV 
UMKK,UMKK 
UMMG,UMMV 
UMMM,UMMV 
UMMS,UMMV 
UMOO,UMMV 
UNAA,UNKL 
UNBB,UNBB 
UNBG,UNBB 
UNEE,UNNT 
UNII,
UNIP,
UNKL,UNKL 
UNKY,UNKL 
UNNT,UNNT 
UNOO,UNOO 
UNSS,
UNTT,UNNT 
UNWW,UNNT 
UOHH,UOOO 
UOII,
UOOO,UOOO 
UOTT,
URFF,UKFV 
URKA,URRV 
URKG,URRV 
URKK,URRV 
URMG,URRV 
URML,URRV 
URMM,URRV 
URMN,URRV 
URMO,URRV 
URMS,URRV 
URMT,URRV 
URRP,URRV 
URRP,URRV 
URRR,URRV 
URRR,URRV 
URRT,URRV 
URSS,URRV 
URWA,URRV 
URWI,URRV 
URWW,URRV 
USCC,USCC 
USCM,USCC 
USDA,USDK 
USDB,USDK 
USDD,USDD 
USHH,USHH 
USHN,USHH 
USHQ,USHH 
USHS,USSS 
USHU,USTR 
USII,USPP 
USKK,USKK 
USMM,USDD 
USMQ,USDK 
USMU,USDS 
USNN,USRR 
USPP,USPP 
USRK,USRR 
USRO,USTR 
USRO,USTR 
USRR,USRR 
USSS,USSS 
USTJ,USTV 
USTR,USTR 
USUU,USSS 
UTAA,UTAA 
UTAK,UTAK 
UTAM,UTAA 
UTAT,UTAT 
UTAV,UTAV 
UTDD,UTDD 
UTDK,UTDD 
UTDL,UTDD 
UTDT,UTDD 
UTFA,UTTR 
UTFF,UTSD 
UTFN,UTTR 
UTNN,UTNR 
UTNU,UTNR 
UTSA,UTSD 
UTSB,UTSD 
UTSK,UTSD 
UTSS,UTSD 
UTST,UTSD 
UTTT,UTTR 
UUBA,UUWV 
UUBC,UUWV 
UUBI,UUWV 
UUBL,UUWV 
UUBP,UUWV 
UUBW,UUWV 
UUDD,UUWV 
UUDL,UUWV 
UUEE,UUWV 
UUEM,UUWV 
UUMO,UUWV 
UUOB,UUWV 
UUOK,UUWV 
UUOL,UUWV 
UUOO,UUWV 
UUOS,UUWV 
UUOT,UUWV 
UUWW,UUWV 
UUYH,UUYY 
UUYS,UUYY 
UUYS,UUYY 
UUYW,UUYY 
UUYY,UUYY 
UWGG,UUWV 
UWKB,UWKD 
UWKD,UWKD 
UWKE,UWKD 
UWKJ,UWKD 
UWKS,UWKD 
UWLL,UWWW 
UWLW,UWWW 
UWOO,UWOO 
UWOR,UWOO 
UWPP,UWWW 
UWPS,UWWW 
UWSG,UWWW 
UWSS,UWWW 
UWUU,UWUU 
UWWW,UWWW 
VAAH,VABF 
VAAK,VABF 
VAAU,VABF 
VABB,VABF 
VABI,VABF 
VABJ,VABF 
VABO,VABF 
VABP,VABF 
VABV,VABF 
VADN,VABF 
VAGD,VABF 
VAID,VABF 
VAJB,VABF 
VAJL,VABF 
VAJM,VABF 
VAKE,VABF 
VAKJ,VABF 
VAKP,
VAKS,VABF 
VAMA,VABF 
VANP,VABF 
VAOZ,VABF 
VAPO,VABF 
VAPR,VABF 
VARK,VABF 
VARP,VABF 
VASD,VABF 
VASL,
VASU,VABF 
VAUD,VABF 
VCBI,VCCF 
VCCA,
VCCB,VCCF 
VCCC,VCCF 
VCCG,
VCCH,
VCCJ,VCCF 
VCCN,
VCCS,
VCCT,VCCF 
VCCW,
VCRI,VCCF 
VDBG,VDPP 
VDKH,
VDKK,
VDMK,
VDPP,VDPP 
VDRK,VDPP 
VDSR,VDPP 
VDST,
VDSV,VDPP 
VEAB,VECF 
VEAT,VECF 
VEBD,VECF 
VEBG,VECF 
VEBI,VECF 
VEBN,VIDF 
VEBS,VECF 
VEBU,VECF 
VECC,VECF 
VECO,VECF 
VEDG,VECF 
VEGK,     
VEGT,VECF 
VEGY,VECF 
VEIM,VECF 
VEJH,VECF 
VEJS,VECF 
VEJT,VECF 
VEKI,VECF 
VEKM,VECF 
VEKO,VABF 
VEKR,VECF 
VEKU,VECF 
VEKW,VECF 
VELP,VECF 
VELR,VECF 
VEMH,VECF 
VEMN,VECF 
VEMR,VECF 
VEMZ,
VEPG,VECF 
VEPT,VECF 
VERC,VECF 
VERK,VECF 
VERP,VABF 
VERU,VECF 
VEST,VECF 
VETJ,VECF 
VETZ,VECF 
VEZO,
VGBG,VGFR 
VGBR,VGFR 
VGCB,VGFR 
VGCM,VGFR 
VGEG,VGFR 
VGHS,VGFR 
VGIS,VGFR 
VGJR,VGFR 
VGRJ,VGFR 
VGSD,VGFR 
VGSH,VGFR 
VGSY,VGFR 
VGTJ,VGFR 
VHHH,VHHK 
VIAG,VIDF 
VIAL,VIDF 
VIAR,VIDF 
VIBK,
VIBN,VIDF 
VIBR,VIDF 
VIBT,
VIBY,
VICG,VIDF 
VIDN,VIDF 
VIDP,VIDF 
VIDX,VIDF 
VIGG,VIDF 
VIGR,VIDF 
VIJO,VIDF 
VIJP,VIDF 
VIJR,VIDF 
VIJU,VIDF 
VIKA,VIDF 
VIKO,VIDF 
VILD,VIDF 
VILH,VIDF 
VILK,VIDF 
VIPK,
VIPT,VIDF 
VISM,
VISR,VIDF 
VIST,VIDF 
VITE,VIDF 
VLHS,VLVT 
VLLB,VLVT 
VLLN,VLVT 
VLPS,VLVT 
VLSK,VLVT 
VLSN,
VLVT,VLVT 
VLXK,
VMMC,VHHK 
VNBP,
VNBW,VNSM 
VNCG,
VNDH,VNSM 
VNJP,
VNKT,VNSM 
VNNG,VNSM 
VNPK,
VNSI,VNSM 
VNVT,VNSM 
VO95,VOMF 
VO95,VOMF 
VOAR,VOMF 
VOAT,VECF 
VOBG,VOMF 
VOBL,VOMF 
VOBM,VOMF 
VOBM,VOMF 
VOBZ,VOMF 
VOCB,VOMF 
VOCC,VOMF 
VOCI,VOMF 
VOCL,VOMF 
VOCX,VOMF 
VOGA,VOMF 
VOGO,VOMF 
VOHB,VOMF 
VOHS,VOMF 
VOHS,VOMF 
VOHY,VOMF 
VOJV,VOMF 
VOKN,VOMF 
VOMD,VOMF 
VOML,VOMF 
VOMM,VOMF 
VOMY,VOMF 
VOND,VOMF 
VOPB,VOMF 
VOPC,
VOPN,VOMF 
VORY,VOMF 
VOSM,
VOSX,VOMF 
VOTJ,
VOTK,
VOTP,VOMF 
VOTR,VOMF 
VOTV,VOMF 
VOVZ,VOMF 
VOWA,VOMF 
VQBT,
VQPR,VECF 
VQTY,
VRDA,VRMF 
VREI,
VRMD,
VRMG,VRMF 
VRMH,VRMF 
VRMK,
VRMM,VRMF 
VRMO,
VRMR,
VRMT,
VRMU,VRMF 
VRMV,VRMF 
VRNT,VRMF 
VTBD,VTBB 
VTBK,VTBB 
VTBL,
VTBO,     
VTBS,VTBB 
VTBU,VTBB 
VTCC,VTBB 
VTCH,VTBB 
VTCL,VTBB 
VTCN,VTBB 
VTCP,VTBB 
VTCT,VTBB 
VTPB,VTBB 
VTPH,VTBB 
VTPI,VTBB 
VTPM,VTBB 
VTPO,VTBB 
VTPP,VTBB 
VTPT,VTBB 
VTSB,VTBB 
VTSC,VTBB 
VTSE,VTBB 
VTSF,VTBB 
VTSG,VTBB 
VTSH,
VTSK,VTBB 
VTSM,VTBB 
VTSN,VTBB 
VTSP,VTBB 
VTSR,VTBB 
VTSS,VTBB 
VTST,VTBB 
VTUD,VTBB 
VTUI,VTBB 
VTUJ,
VTUK,VTBB 
VTUL,VTBB 
VTUN,VTBB 
VTUO,VTBB 
VTUQ,VTBB 
VTUU,VTBB 
VTUV,VTBB 
VTUW,VTBB 
VVBM,VVTS 
VVCA,
VVCI,VCCF 
VVCM,
VVCR,VVTS 
VVCS,VVTS 
VVCT,VVTS 
VVDB,
VVDH,
VVDL,VVVV 
VVDN,VVTS 
VVNB,VVVV 
VVNT,VVTS 
VVPB,VVTS 
VVPC,VVTS 
VVPK,VVTS 
VVPQ,VVTS 
VVPR,     
VVRG,VVTS 
VVTH,VVTS 
VVTS,VVTS 
VVTX,
VVVD,VVVV 
VVVH,
VYAN,VYYF 
VYBG,VYYF 
VYBM,VYYF 
VYBP,
VYCZ,VYYF 
VYDW,VYYF 
VYHH,VYYF 
VYHL,VYYF 
VYKG,VYYF 
VYKI,
VYKL,VYYF 
VYKP,VYYF 
VYKT,VYYF 
VYLK,VYYF 
VYLS,VYYF 
VYMD,VYYF 
VYME,VYYF 
VYMK,VYYF 
VYMM,VYYF 
VYMO,
VYMS,VYYF 
VYMW,
VYMY,
VYNS,
VYNT,VYYF 
VYPA,
VYPN,
VYPT,VYYF 
VYPU,
VYPY,
VYSW,VYYF 
VYTD,
VYTL,VYYF 
VYYY,VYYF 
WAAA,WAAF 
WABB,WAAF 
WABI,
WADA,
WADB,
WADD,WAAF 
WADL,WAAF 
WADS,
WADW,WAAF 
WADY,
WAEE,
WAEK,
WAEW,WAAF 
WAFF,WAAF 
WAFJ,
WAFM,
WAFP,
WAFT,
WAFW,
WAGG,WAAF 
WAGI,WIIF 
WAGS,WAAF 
WAHH,WAAF 
WAHI,WIIF 
WAHL,
WAHQ,WAAF 
WAHS,WAAF 
WAJJ,WAAF 
WAJO,
WAKK,WAAF 
WAKT,
WALK,WAAF 
WALL,WAAF 
WALS,
WAMG,WAAF 
WAMH,
WAML,WAAF 
WAMM,WAAF 
WAOC,
WAOI,WIIF 
WAOK,WAAF 
WAON,
WAOO,WAAF 
WAOP,WAAF 
WAOS,WAAF 
WAPK,
WAPP,WAAF 
WAPS,WAAF 
WAQQ,
WAQT,WAAF 
WARA,WAAF 
WARJ,WAAF 
WARQ,WAAF 
WARR,WAAF 
WARS,WAAF 
WASF,
WASK,
WASO,
WASS,WAAF 
WATB,
WATC,
WATE,
WATG,
WATK,
WATL,
WATM,
WATO,WAAF 
WATR,WAAF 
WATT,WAAF 
WATU,WAAF 
WAUU,
WAVV,
WAWB,
WAWS,
WAWW,WIIF 
WAYK,WAAF 
WAYY,
WBGB,WBFC 
WBGF,WBFC 
WBGG,WBFC 
WBGI,WBFC 
WBGJ,
WBGK,WBFC 
WBGL,WBFC 
WBGM,WBFC 
WBGQ,WBFC 
WBGR,WBFC 
WBGS,WBFC 
WBGW,WBFC 
WBGZ,WBFC 
WBKD,WBFC 
WBKG,
WBKK,WBFC 
WBKL,WBFC 
WBKS,WBFC 
WBKT,
WBKW,WBFC 
WBMU,
WBSB,WBFC 
WBTM,
WIBB,WIIF 
WIBJ,
WICA,WIIF 
WICB,WIIF 
WICC,WIIF 
WICD,
WICM,
WIDD,WSJC 
WIDM,
WIDN,WIIF 
WIDO,
WIDS,
WIEE,WIIF 
WIGG,WIIF 
WIHH,WIIF 
WIHP,
WIII,WIIF 
WIJJ,WIIF 
WIKK,WIIF 
WIKT,
WILL,
WIMA,WIIF 
WIMB,
WIMG,WIIF 
WIMK,WIIF 
WIMM,WIIF 
WIMN,WIIF 
WIMS,
WIOK,
WIOO,WIIF 
WIPA,WIIF 
WIPB,WIIF 
WIPK,WIIF 
WIPL,WIIF 
WIPP,WIIF 
WIPQ,
WIPT,WIIF 
WIRR,WIIF 
WITC,
WITM,WIIF 
WITN,
WITT,WIIF 
WMBT,
WMGK,WMFC 
WMKA,WMFC 
WMKB,WMFC 
WMKC,WMFC 
WMKD,WMFC 
WMKE,WMFC 
WMKI,WMFC 
WMKJ,WMFC 
WMKK,WMFC 
WMKL,WMFC 
WMKM,WMFC 
WMKN,WMFC 
WMKP,WMFC 
WMSA,WMFC 
WPDB,
WPDL,WAAF 
WPEC,WPDL 
WSAP,WSJC 
WSAT,WSJC 
WSSL,WSJC 
WSSS,WSJC 
XUOB,UUWV 
YABA,YMMM 
YALA,
YAMB,YBBB 
YANG,YMMM 
YAPH,
YARA,
YARG,YBBB 
YARM,YBBB 
YAUR,
YAYE,YMMM 
YAYR,
YBAF,YBBB 
YBAR,
YBAS,YMMM 
YBBN,YBBB 
YBCG,YBBB 
YBCK,
YBCS,YBBB 
YBCV,YBBB 
YBDG,
YBDV,
YBGD,YMMM 
YBGO,YBBB 
YBHI,YMMM 
YBHM,YBBB 
YBIE,
YBKE,
YBKT,
YBLA,
YBLN,YMM  
YBLT,YMMM 
YBLU,YMMM 
YBMA,YBBB 
YBMK,YBBB 
YBNA,YBBB 
YBNS,
YBOK,YBBB 
YBOU,
YBPN,YBBB 
YBRK,YBBB 
YBRL,
YBRM,YBBB 
YBRN,
YBRW,
YBRY,YMMM 
YBSG,YBBB 
YBSU,     
YBTH,
YBTI,
YBTL,YBBB 
YBTR,
YBUD,YBBB 
YBUN,
YBWN,
YBWP,YBBB 
YBWW,YBBB 
YBWX,YMMM 
YCAH,
YCAR,YMMM 
YCAS,
YCBA,
YCBB,
YCBP,
YCBR,YBBB 
YCCA,
YCCY,YBBB 
YCDO,
YCDU,
YCEE,
YCFS,YBBB 
YCGO,
YCHK,
YCHT,
YCIN,YBBB 
YCKI,
YCKN,
YCLQ,YBBB 
YCMT,
YCMU,
YCMW,
YCNF,
YCNK,
YCNM,
YCOE,
YCOM,
YCOR,
YCPT,YMMM 
YCRG,
YCTM,
YCUA,
YCUN,YMMM 
YCWA,YMMM 
YCWL,
YCWR,
YDAY,
YDBI,
YDBY,YBBB 
YDLQ,
YDMG,
YDPO,YMMM 
YDYS,
YECH,
YEJI,YMMM 
YELD,
YEML,YBBB 
YESP,YMMM 
YEVD,
YFBS,
YFDF,YMMM 
YFLI,
YFRT,YMMM 
YFTZ,
YGAY,
YGBI,
YGDH,
YGDI,
YGEL,YMMM 
YGFN,
YGIA,
YGIB,
YGLA,YBBB 
YGLB,
YGLI,
YGPT,
YGRM,YMMM 
YGTE,
YGTH,
YGTN,
YGYM,
YHAY,
YHBA,YBBB 
YHID,YBBB 
YHLC,YBBB 
YHML,
YHOO,
YHOT,
YHPN,
YHSM,
YHUG,
YIFL,
YIGM,
YISF,
YIVL,
YJAB,
YJLC,
YKAL,
YKAR,YMMM 
YKBR,
YKBY,
YKER,
YKII,
YKKG,
YKMB,
YKMP,
YKNG,
YKOW,
YKRY,
YKSC,
YKUB,
YLEC,
YLEO,YMMM 
YLEV,
YLHI,YBBB 
YLHR,
YLIS,
YLLE,
YLRD,
YLRE,YBBB 
YLST,YMMM 
YLTN,
YLTV,
YLZI,
YMAV,YMMM 
YMAY,YMMM 
YMBA,
YMCO,
YMCT,
YMDG,
YMEK,YMMM 
YMEN,YMMM 
YMER,
YMES,YMMM 
YMGB,
YMGD,
YMGT,
YMHB,YMMM 
YMHU,
YMIA,YMMM 
YMIT,
YMJM,
YMLS,YBBB 
YMLT,YMMM 
YMMB,
YMML,YMMM 
YMMU,YBBB 
YMND,
YMNE,YMMM 
YMNG,YMMM 
YMOG,YMMM 
YMOR,
YMPA,
YMRB,YBBB 
YMRW,
YMRY,
YMTG,YMMM 
YMTI,
YMTO,
YMYB,
YNAR,
YNBR,YBBB 
YNGU,
YNPE,
YNRC,
YNRM,YMMM 
YNRV,YMMM 
YNSM,
YNTN,
YNUM,
YNWN,YMMM 
YNYN,
YOEN,
YOLD,
YOLW,YMMM 
YOOD,
YOOM,
YORB,
YORG,YMMM 
YOSB,
YPAD,YMMM 
YPAG,
YPAM,
YPBO,YMMM 
YPCC,YMMM 
YPDN,YBBB 
YPEA,YMMM 
YPED,YMMM 
YPGV,YBBB 
YPIR,
YPJT,
YPKA,YMMM 
YPKG,YMMM 
YPKS,YMMM 
YPKT,
YPKU,YBBB 
YPLC,
YPLM,YMMM 
YPMH,
YPMP,
YPMQ,YBBB 
YPOD,
YPPD,YMMM 
YPPF,YMMM 
YPPH,YMMM 
YPTN,YBBB 
YPWR,YMMM 
YPXM,YBBB 
YQDI,
YQLP,
YREN,
YRMD,
YRNG,
YROI,
YROM,YBBB 
YRTI,
YSBK,
YSCB,YMMM 
YSCN,
YSCO,
YSCR,
YSDU,YMMM 
YSGE,
YSHG,
YSHK,
YSHL,YMMM 
YSHT,
YSII,
YSMI,
YSNB,YBBB 
YSNF,NZZO 
YSNK,YBBB 
YSNW,YMMM 
YSOL,     
YSPE,
YSPT,
YSRI,YMMM 
YSRN,
YSSY,YMMM 
YSTH,
YSTW,YBBB 
YSWG,YMMM 
YSWH,
YSWL,
YTAM,
YTEE,
YTEF,YMMM 
YTEM,
YTGM,
YTGT,
YTIB,
YTMU,
YTNG,YBBB 
YTNK,YBBB 
YTOC,
YTRE,
YTST,
YTWB,
YVRD,
YWBL,
YWBR,YMMM 
YWCA,
YWCK,
YWDG,
YWDH,
YWGT,
YWHA,YMMM 
YWKB,
YWKS,YMMM 
YWLG,
YWLM,YBBB 
YWLU,
YWOL,YMMM 
YWRN,
YWSL,
YWTN,
YWUD,
YWWI,
YWWL,
YWYM,
YWYY,
YYKI,
YYND,
YYNG,
ZBAA,ZBPE 
ZBAD,ZBPE 
ZBDH,
ZBDS,
ZBDT,ZBPE 
ZBER,ZBPE 
ZBHH,ZBPE 
ZBLA,ZYSH 
ZBMZ,ZYSH 
ZBOW,
ZBSH,
ZBSJ,ZBPE 
ZBTJ,ZBPE 
ZBYC,ZBPE 
ZBYN,ZBPE 
ZGDY,ZGZU 
ZGGG,ZGZU 
ZGHA,ZGZU 
ZGHC,     
ZGKL,ZGZU 
ZGMX,
ZGNN,ZGZU 
ZGOW,ZGZU 
ZGSD,VHHK 
ZGSZ,ZGZU 
ZGZH,ZGZU 
ZHCC,ZHWH 
ZHES,     
ZHHH,ZHWH 
ZHSN,     
ZHSY,ZHWH 
ZHYC,ZHWH 
ZJHK,ZJSA 
ZJQH,ZJSA 
ZJSY,ZJSA 
ZKPY,ZKKP 
ZKWS,
ZLDH,ZLHW 
ZLIC,ZLHW 
ZLJQ,ZLHW 
ZLLL,ZLHW 
ZLXN,ZLHW 
ZLXY,ZLHW 
ZLYA,ZLHW 
ZLYS,ZLHW 
ZMAH,
ZMAT,
ZMBH,ZMUB 
ZMBN,
ZMBU,
ZMCD,ZMUB 
ZMCK,ZMUB 
ZMDZ,ZMUB 
ZMHG,
ZMHH,
ZMKB,ZMUB 
ZMKD,ZMUB 
ZMMG,
ZMMN,ZMUB 
ZMTL,
ZMTT,ZMUB 
ZMUB,ZMUB 
ZMUG,ZMUB 
ZMUH,
ZMUL,
ZPDL,ZPKM 
ZPDQ,ZPKM 
ZPJH,ZPKM 
ZPLJ,ZPKM 
ZPMS,ZPKM 
ZPPP,ZPKM 
ZPTC,ZPKM 
ZSAM,ZSHA 
ZSCG,ZSHA 
ZSCN,ZSHA 
ZSFZ,ZSHA 
ZSGZ,ZSHA 
ZSHC,ZSHA 
ZSJN,ZSHA 
ZSLY,ZSHA 
ZSLY,ZSHA 
ZSNB,ZSHA 
ZSNJ,ZSHA 
ZSNT,
ZSOF,ZSHA 
ZSPD,ZSHA 
ZSQD,ZSHA 
ZSQD,ZSHA 
ZSQZ,ZSHA 
ZSSH,
ZSSS,ZSHA 
ZSTX,ZSHA 
ZSWH,ZSHA 
ZSWX,ZSHA 
ZSWZ,ZSHA 
ZSXZ,ZSHA 
ZSYA,ZSHA 
ZSYN,ZSHA 
ZSYT,ZSHA 
ZSYW,ZSHA 
ZSZS,ZSHA 
ZUCK,ZPKM 
ZUDX,ZPKM 
ZUGY,ZPKM 
ZUKD,     
ZULS,ZPKM 
ZUTF,ZPKM 
ZUTR,ZPKM 
ZUUU,ZPKM 
ZUXC,ZPKM 
ZUZY,ZPKM 
ZWKC,ZWUQ 
ZWKL,     
ZWSH,ZWUQ 
ZWTL,ZWUQ 
ZWTN,ZWUQ 
ZWWW,ZWUQ 
ZYBS,ZYSH 
ZYCC,ZYSH 
ZYDD,
ZYHB,ZYSH 
ZYJM,ZYSH 
ZYMD,ZYSH 
ZYQQ,
ZYTL,ZYSH 
ZYTX,ZYSH 
ZYYJ,ZYSH 